const uint16_t pic1616[20]=           //16384]=
{
0xf800,0xf800,0xf800,0xf800,0xf800,0xf800,0xf800,0xf800,0xf800,0xf800,
0xf800,0xf800,0xf800,0xf800,0xf800,0xf800,0xf800,0xf800,0xf800,0xf800};
/*
0xf800,0xf800,0xf800,0xf800,0xf800,0xf800,0xf800,0xf800,0xf800,0xf800,
0xf800,0xf800,0xf800,0xf800,0xf800,0xf800,0xf800,0xf800,0xf800,0xf800,
0xf800,0xf800,0xf800,0xf800,0xf800,0xf800,0xf800,0xf800,0xf800,0xf800,
0xf800,0xf800,0xf800,0xf800,0xf800,0xf800,0xf800,0xf800,0xf800,0xf800,
0xf800,0xf800,0xf800,0xf800,0xf800,0xf800,0xf800,0xf800,0xf800,0xf800,
0xf800,0xf800,0xf800,0xf800,0xf800,0xf800,0xf800,0xf800,0xf800,0xf800,
0xf800,0xf800,0xf800,0xf800,0xf800,0xf800,0xf800,0xf800,0xf800,0xf800,
0xf800,0xf800,0xf800,0xf800,0xf800,0xf800,0xf800,0xf800,0xf800,0xf800,
0xf800,0xf800,0xf800,0xf800,0xf800,0xf800,0xf800,0xf800,0xf800,0xf800,
0xf800,0xf800,0xf800,0xf800,0xf800,0xf800,0xf800,0xf800,0xf800,0xf800,
0xf800,0xf800,0xf800,0xf800,0xf800,0xf800,0xf800,0xf800,0xf800,0xf800,
0xf800,0xf800,0xf800,0xf800,0xf800,0xf800,0xf800,0xf800,0xf800,0xf800,
0xf800,0xf800,0xf800,0xf800,0xf800,0xf800,0xf800,0xf800,0xf800,0xf800,
0xf800,0xf800,0xf800,0xf800,0xf800,0xf800,0xf800,0xf800,0xf800,0xf800,
0xf800,0xf800,0xf800,0xf800,0xf800,0xf800,0xf800,0xf800,0xf800,0xf800,
0xf800,0xf800,0xf800,0xf800,0xf800,0xf800,0xf800,0xf800,0xf800,0xf800,
0xf800,0xf800,0xf800,0xf800,0xf800,0xf800,0xf800,0xf800,0xf800,0xf800,
0xf800,0xf800,0xf800,0xf800,0xf800,0xf800,0xf800,0xf800,0xf800,0xf800,
0xf800,0xf800,0xf800,0xf800,0xf800,0xf800,0xf800,0xf800,0xf800,0xf800,
0xf800,0xf800,0xf800,0xf800,0xf800,0xf800,0xf800,0xf800,0xf800,0xf800,
0xf800,0xf800,0xf800,0xf800,0xf800,0xf800,0xf800,0xf800,0xf800,0xf800,
0xf800,0xf800,0xf800,0xf800,0xf800,0xf800,0xf800,0xf800,0xf800,0xf800,
0xf800,0xf800,0xf800,0xf800,0xf800,0xf800,0xf800,0xf800,0xf800,0xf800,
0xf800,0xf800,0xf800,0xf800,0xf800,0xf800,0xf800,0xf800,0xf800,0xf800,
0xf800,0xf800,0xf800,0xf800,0xf800,0xf800,0xf800,0xf800,0xf800,0xf800,
0xf800,0xf800,0xf800,0xf800,0xf800,0xf800,0xf800,0xf800,0xf800,0xf800,
0xf800,0xf800,0xf800,0xf800,0xf800,0xf800,0xf800,0xf800,0xf800,0xf800,
0xf800,0xf800,0xf800,0xf800,0xf800,0xf800,0xf800,0xf800,0xf800,0xf800,
0xf800,0xf800,0xf800,0xf800,0xf800,0xf800,0xf800,0xf800,0xf800,0xf800,
0xf800,0xf800,0xf800,0xf800,0xf800,0xf800,0xf800,0xf800,0xf800,0xf800,
0xf800,0xf800,0xf800,0xf800,0xf800,0xf800,0xf800,0xf800,0xf800,0xf800,
0xf800,0xf800,0xf800,0xf800,0xf800,0xf800,0xf800,0xf800,0xf800,0xf800,
0xf800,0xf800,0xf800,0xf800,0xf800,0xf800,0xf800,0xf800,0xf800,0xf800,
0xf800,0xf800,0xf800,0xf800,0xf800,0xf800,0xf800,0xf800,0xf800,0xf800,
0xf800,0xf800,0xf800,0xf800,0xf800,0xf800,0xf800,0xf800,0xf800,0xf800,
0xf800,0xf800,0xf800,0xf800,0xf800,0xf800,0xf800,0xf800,0xf800,0xf800,
0xf800,0xf800,0xf800,0xf800,0xf800,0xf800,0xf800,0xf800,0xf800,0xf800,
0xf800,0xf800,0xf800,0xf800,0xf800,0xf800,0xf800,0xf800,0xf800,0xf800,
0xf800,0xf800,0xf800,0xf800,0xf800,0xf800,0xf800,0xf800,0xf800,0xf800,
0xf800,0xf800,0xf800,0xf800,0xf800,0xf800,0xf800,0xf800,0xf800,0xf800,
0xf800,0xf800,0xf800,0xf800,0xf800,0xf800,0xf800,0xf800,0xf800,0xf800,
0xf800,0xf800,0xf800,0xf800,0xf800,0xf800,0xf800,0xf800,0xf800,0xf800,
0xf800,0xf800,0xf800,0xf800,0xf800,0xf800,0xf800,0xf800,0xf800,0xf800,
0xf800,0xf800,0xf800,0xf800,0xf800,0xf800,0x055f,0x055f,0x055f,0x055f,
0x055f,0xf800,0xf800,0xf800,0xf800,0xf800,0xf800,0xf800,0xf800,0xf800,
0xf800,0xf800,0xf800,0xf800,0xf800,0xf800,0xf800,0xf800,0xf800,0xf800,
0xf800,0xf800,0xf800,0xf800,0xf800,0xf800,0xf800,0xf800,0xf800,0xf800,
0xf800,0xf800,0xf800,0xf800,0xf800,0xf800,0xf800,0xf800,0xf800,0xf800,
0xf800,0xf800,0xf800,0xf800,0xf800,0xf800,0xf800,0xf800,0xf800,0xf800,
0xf800,0xf800,0xf800,0xf800,0xf800,0xf800,0xf800,0xf800,0xf800,0xf800,
0xf800,0xf800,0xf800,0xf800,0xf800,0xf800,0xf800,0xf800,0xf800,0xf800,
0xf800,0xf800,0xf800,0xf800,0xf800,0xf800,0xf800,0xf800,0xf800,0xf800,
0xf800,0xf800,0xf800,0xf800,0xf800,0xf800,0xf800,0xf800,0xf800,0xf800,
0xf800,0xf800,0xf800,0xf800,0xf800,0xf800,0xf800,0xf800,0xf800,0xf800,
0xf800,0xf800,0xf800,0xf800,0xf800,0xf800,0xf800,0xf800,0xf800,0xf800,
0xf800,0xf800,0xf800,0xf800,0xf800,0xf800,0xf800,0xf800,0xf800,0xf800,
0xf800,0xf800,0x055f,0x055f,0x055f,0x055f,0x055f,0x055f,0x055f,0x055f,
0x055f,0xf800,0xf800,0xf800,0xf800,0xf800,0xf800,0xf800,0xf800,0xf800,
0xf800,0xf800,0xf800,0xf800,0xf800,0xf800,0xf800,0xf800,0xf800,0xf800,
0xf800,0xf800,0xf800,0xf800,0xf800,0xf800,0xf800,0xf800,0xf800,0xf800,
0xf800,0xf800,0xf800,0xf800,0xf800,0xf800,0xf800,0xf800,0xf800,0xf800,
0xf800,0xf800,0xf800,0xf800,0xf800,0xf800,0xf800,0xf800,0xf800,0xf800,
0xf800,0xf800,0xf800,0xf800,0xf800,0xf800,0xf800,0xf800,0xf800,0xf800,
0xf800,0xf800,0xf800,0xf800,0xf800,0xf800,0xf800,0xf800,0xf800,0xf800,
0xf800,0xf800,0xf800,0xf800,0xf800,0xf800,0xf800,0xf800,0xf800,0xf800,
0xf800,0xf800,0xf800,0xf800,0xf800,0xf800,0xf800,0xf800,0xf800,0xf800,
0xf800,0xf800,0xf800,0xf800,0xf800,0xf800,0xf800,0xf800,0xf800,0xf800,
0xf800,0xf800,0xf800,0xf800,0xf800,0xf800,0xf800,0xf800,0xf800,0xf800,
0xf800,0xf800,0xf800,0xf800,0xf800,0xf800,0xf800,0xf800,0xf800,0x055f,
0x055f,0x055f,0x055f,0x055f,0x055f,0x055f,0x055f,0x055f,0x055f,0x055f,
0x055f,0xf800,0xf800,0xf800,0xf800,0xf800,0xf800,0xf800,0xf800,0xf800,
0xf800,0xf800,0xf800,0xf800,0xf800,0xf800,0xf800,0xf800,0xf800,0xf800,
0xf800,0xf800,0xf800,0xf800,0xf800,0xf800,0xf800,0xf800,0xf800,0xf800,
0xf800,0xf800,0xf800,0xf800,0xf800,0xf800,0xf800,0xf800,0xf800,0xf800,
0xf800,0xf800,0xf800,0xf800,0xf800,0xf800,0xf800,0xf800,0xf800,0xf800,
0xf800,0xf800,0xf800,0xf800,0xf800,0xf800,0xf800,0xf800,0xf800,0xf800,
0xf800,0xf800,0xf800,0xf800,0xf800,0xf800,0xf800,0xf800,0xf800,0xf800,
0xf800,0xf800,0xf800,0xf800,0xf800,0xf800,0xf800,0xf800,0xf800,0xf800,
0xf800,0xf800,0xf800,0xf800,0xf800,0xf800,0xf800,0xf800,0xf800,0xf800,
0xf800,0xf800,0xf800,0xf800,0xf800,0xf800,0xf800,0xf800,0xf800,0xf800,
0xf800,0xf800,0xf800,0xf800,0xf800,0xf800,0xf800,0xf800,0xf800,0xf800,
0xf800,0xf800,0xf800,0xf800,0xf800,0xf800,0x055f,0x055f,0x055f,0x055f,
0x055f,0x055f,0x055f,0x055f,0x055f,0x055f,0x055f,0x055f,0x055f,0x055f,
0xf800,0xf800,0xf800,0xf800,0xf800,0xf800,0xf800,0xf800,0xf800,0xf800,
0xf800,0xf800,0xf800,0xf800,0xf800,0xf800,0xf800,0xf800,0xf800,0xf800,
0xf800,0xf800,0xf800,0xf800,0xf800,0xf800,0xf800,0xf800,0xf800,0xf800,
0xf800,0xf800,0xf800,0xf800,0xf800,0xf800,0xf800,0xf800,0xf800,0xf800,
0xf800,0xf800,0xf800,0xf800,0xf800,0xf800,0xf800,0xf800,0xf800,0xf800,
0xf800,0xf800,0xf800,0xf800,0xf800,0xf800,0xf800,0xf800,0xf800,0xf800,
0xf800,0xf800,0xf800,0xf800,0xf800,0xf800,0xf800,0xf800,0xf800,0xf800,
0xf800,0xf800,0xf800,0xf800,0xf800,0xf800,0xf800,0xf800,0xf800,0xf800,
0xf800,0xf800,0xf800,0xf800,0xf800,0xf800,0xf800,0xf800,0xf800,0xf800,
0xf800,0xf800,0xf800,0xf800,0xf800,0xf800,0xf800,0xf800,0xf800,0xf800,
0xf800,0xf800,0xf800,0xf800,0xf800,0xf800,0xf800,0xf800,0xf800,0xf800,
0xf800,0xf800,0xf800,0x055f,0x055f,0x055f,0x055f,0x055f,0x055f,0x055f,
0x055f,0x055f,0x055f,0x055f,0x055f,0x055f,0x055f,0x055f,0xf800,0xf800,
0xf800,0xf800,0xf800,0xf800,0xf800,0xf800,0xf800,0xf800,0xf800,0xf800,
0xf800,0xf800,0xf800,0xf800,0xf800,0xf800,0xf800,0xf800,0xf800,0xf800,
0xf800,0xf800,0xf800,0xf800,0xf800,0xf800,0xf800,0xf800,0xf800,0xf800,
0xf800,0xf800,0xf800,0xf800,0xf800,0xf800,0xf800,0xf800,0xf800,0xf800,
0xf800,0xf800,0xf800,0xf800,0xf800,0xf800,0xf800,0xf800,0xf800,0xf800,
0xf800,0xf800,0xf800,0xf800,0xf800,0xf800,0xf800,0xf800,0xf800,0xf800,
0xf800,0xf800,0xf800,0xf800,0xf800,0xf800,0xf800,0xf800,0xf800,0xf800,
0xf800,0xf800,0xf800,0xf800,0xf800,0xf800,0xf800,0xf800,0xf800,0xf800,
0xf800,0xf800,0xf800,0xf800,0xf800,0xf800,0xf800,0xf800,0xf800,0xf800,
0xf800,0xf800,0xf800,0xf800,0xf800,0xf800,0xf800,0xf800,0xf800,0xf800,
0xf800,0xf800,0xf800,0xf800,0xf800,0xf800,0xf800,0xf800,0xf800,0xf800,
0xf800,0x055f,0x055f,0x055f,0x055f,0x055f,0x055f,0x055f,0x055f,0x055f,
0x055f,0x055f,0x055f,0x055f,0x055f,0x055f,0x055f,0xf800,0xf800,0xf800,
0xf800,0xf800,0xf800,0xf800,0xf800,0xf800,0xf800,0xf800,0xf800,0xf800,
0xf800,0xf800,0xf800,0xf800,0xf800,0xf800,0xf800,0xf800,0xf800,0xf800,
0xf800,0xf800,0xf800,0xf800,0xf800,0xf800,0xf800,0xf800,0xf800,0xf800,
0xf800,0xf800,0xf800,0xf800,0xf800,0xf800,0xf800,0xf800,0xf800,0xf800,
0xf800,0xf800,0xf800,0xf800,0xf800,0xf800,0xf800,0xf800,0xf800,0xf800,
0xf800,0xf800,0xf800,0xf800,0xf800,0xf800,0xf800,0xf800,0xf800,0xf800,
0xf800,0xf800,0xf800,0xf800,0xf800,0xf800,0xf800,0xf800,0xf800,0xf800,
0xf800,0xf800,0xf800,0xf800,0xf800,0xf800,0xf800,0xf800,0xf800,0xf800,
0xf800,0xf800,0xf800,0xf800,0xf800,0xf800,0xf800,0xf800,0xf800,0xf800,
0xf800,0xf800,0xf800,0xf800,0xf800,0xf800,0xf800,0xf800,0xf800,0xf800,
0xf800,0xf800,0xf800,0xf800,0xf800,0xf800,0xf800,0xf800,0x055f,0x055f,
0x055f,0x055f,0x055f,0x055f,0x055f,0x055f,0x055f,0x055f,0x055f,0x055f,
0x055f,0x055f,0x055f,0x055f,0x055f,0xf800,0xf800,0xf800,0xf800,0xf800,
0xf800,0xf800,0xf800,0xf800,0xf800,0xf800,0xf800,0xf800,0xf800,0xf800,
0xf800,0xf800,0xf800,0xf800,0xf800,0xf800,0xf800,0xf800,0xf800,0xf800,
0xf800,0xf800,0xf800,0xf800,0xf800,0xf800,0xf800,0xf800,0xf800,0xf800,
0xf800,0xf800,0xf800,0xf800,0xf800,0xf800,0xf800,0xf800,0xf800,0xf800,
0xf800,0xf800,0xf800,0xf800,0xf800,0xf800,0xf800,0xf800,0xf800,0xf800,
0xf800,0xf800,0xf800,0xf800,0xf800,0xf800,0xf800,0xf800,0xf800,0xf800,
0xf800,0xf800,0xf800,0xf800,0xf800,0xf800,0xf800,0xf800,0xf800,0xf800,
0xf800,0xf800,0xf800,0xf800,0xf800,0xf800,0xf800,0xf800,0xf800,0xf800,
0xf800,0xf800,0xf800,0xf800,0xf800,0xf800,0xf800,0xf800,0xf800,0xf800,
0xf800,0xf800,0xf800,0xf800,0xf800,0xf800,0xf800,0xf800,0xf800,0xf800,
0xf800,0xf800,0xf800,0xf800,0xf800,0xf800,0x055f,0x055f,0x055f,0x055f,
0x055f,0x055f,0x055f,0x055f,0x055f,0x055f,0x055f,0x055f,0x055f,0x055f,
0x055f,0x055f,0x055f,0x055f,0xf800,0xf800,0xf800,0xf800,0xf800,0xf800,
0xf800,0xf800,0xf800,0xf800,0xf800,0xf800,0xf800,0xf800,0xf800,0xf800,
0xf800,0xf800,0xf800,0xf800,0xf800,0xf800,0xf800,0xf800,0xf800,0xf800,
0xf800,0xf800,0xf800,0xf800,0xf800,0xf800,0xf800,0xf800,0xf800,0xf800,
0xf800,0xf800,0xf800,0xf800,0xf800,0xf800,0xf800,0xf800,0xf800,0xf800,
0xf800,0xf800,0xf800,0xf800,0xf800,0xf800,0xf800,0xf800,0xf800,0xf800,
0xf800,0xf800,0xf800,0xf800,0xf800,0xf800,0xf800,0xf800,0xf800,0xf800,
0xf800,0xf800,0xf800,0xf800,0xf800,0xf800,0xf800,0xf800,0xf800,0xf800,
0xf800,0xf800,0xf800,0xf800,0xf800,0xf800,0xf800,0xf800,0xf800,0xf800,
0xf800,0xf800,0xf800,0xf800,0xf800,0xf800,0xf800,0xf800,0xf800,0xf800,
0xf800,0xf800,0xf800,0xf800,0xf800,0xf800,0xf800,0xf800,0xf800,0xf800,
0xf800,0xf800,0xf800,0x055f,0x055f,0x055f,0x055f,0x055f,0x055f,0x055f,
0x055f,0x055f,0x055f,0x055f,0x055f,0x055f,0x055f,0x055f,0x055f,0x055f,
0x055f,0x055f,0xf800,0xf800,0xf800,0xf800,0xf800,0xf800,0xf800,0xf800,
0xf800,0xf800,0xf800,0xf800,0xf800,0xf800,0xf800,0xf800,0xf800,0xf800,
0xf800,0xf800,0xf800,0xf800,0xf800,0xf800,0xf800,0xf800,0xf800,0xf800,
0xf800,0xf800,0xf800,0xf800,0xf800,0xf800,0xf800,0xf800,0xf800,0xf800,
0xf800,0xf800,0xf800,0xf800,0xf800,0xf800,0xf800,0xf800,0xf800,0xf800,
0xf800,0xf800,0xf800,0xf800,0xf800,0xf800,0xf800,0xf800,0xf800,0xffff,
0xffff,0xffff,0xffff,0xffff,0xffff,0xffff,0xffff,0xffff,0xffff,0xffff,
0xffff,0xffff,0xffff,0xffff,0xffff,0xffff,0xffff,0xffff,0xffff,0xffff,
0xffff,0xffff,0xffff,0xffff,0xffff,0xffff,0xffff,0xffff,0xffff,0xffff,
0xffff,0xffff,0xf800,0xf800,0xf800,0xf800,0xf800,0xf800,0xf800,0xf800,
0xf800,0xf800,0xf800,0xf800,0xf800,0xf800,0xf800,0xf800,0xf800,0xf800,
0xf800,0x055f,0x055f,0x055f,0x055f,0x055f,0x055f,0x055f,0x055f,0x055f,
0x055f,0x055f,0x055f,0x055f,0x055f,0x055f,0x055f,0x055f,0x055f,0x055f,
0x055f,0xf800,0xf800,0xf800,0xf800,0xf800,0xf800,0xf800,0xf800,0xf800,
0xf800,0xf800,0xf800,0xf800,0xf800,0xf800,0xf800,0xf800,0xf800,0xf800,
0xf800,0xf800,0xf800,0xf800,0xf800,0xf800,0xf800,0xf800,0xf800,0xf800,
0xf800,0xf800,0xf800,0xf800,0xf800,0xf800,0xf800,0xf800,0xf800,0xf800,
0xf800,0xf800,0xf800,0xf800,0xf800,0xf800,0xf800,0xf800,0xf800,0xf800,
0xf800,0xf800,0xf800,0xf800,0xf800,0xffff,0xffff,0xffff,0xffff,0xffff,
0xffff,0xffff,0xffff,0xffff,0xffff,0xffff,0xffff,0xffff,0xffff,0xffff,
0xffff,0xffff,0xffff,0xffff,0xffff,0xffff,0xffff,0xffff,0xffff,0xffff,
0xffff,0xffff,0xffff,0xffff,0xffff,0xffff,0xffff,0xffff,0xffff,0xffff,
0xffff,0xffff,0xffff,0xffff,0xf800,0xf800,0xf800,0xf800,0xf800,0xf800,
0xf800,0xf800,0xf800,0xf800,0xf800,0xf800,0xf800,0xf800,0x055f,0x055f,
0x055f,0x055f,0x055f,0x055f,0x055f,0x055f,0x055f,0x055f,0x055f,0x055f,
0x055f,0x055f,0x055f,0x055f,0x055f,0x055f,0x055f,0x055f,0x055f,0xf800,
0xf800,0xf800,0xf800,0xf800,0xf800,0xf800,0xf800,0xf800,0xf800,0xf800,
0xf800,0xf800,0xf800,0xf800,0xf800,0xf800,0xf800,0xf800,0xf800,0xf800,
0xf800,0xf800,0xf800,0xf800,0xf800,0xf800,0xf800,0xf800,0xf800,0xf800,
0xf800,0xf800,0xf800,0xf800,0xf800,0xf800,0xf800,0xf800,0xf800,0xf800,
0xf800,0xf800,0xf800,0xf800,0xf800,0xf800,0xf800,0xf800,0xf800,0xf800,
0xf800,0xf800,0xffff,0xffff,0xffff,0xffff,0xffff,0xffff,0xffff,0xffff,
0xffff,0xffff,0xffff,0xffff,0xffff,0xffff,0xffff,0xffff,0xffff,0xffff,
0xffff,0xffff,0xffff,0xffff,0xffff,0xffff,0xffff,0xffff,0xffff,0xffff,
0xffff,0xffff,0xffff,0xffff,0xffff,0xffff,0xffff,0xffff,0xffff,0xffff,
0xffff,0xffff,0xffff,0xffff,0xf800,0xf800,0xf800,0xf800,0xf800,0xf800,
0xf800,0xf800,0xf800,0xf800,0xf800,0xf800,0x055f,0x055f,0x055f,0x055f,
0x055f,0x055f,0x055f,0x055f,0x055f,0x055f,0x055f,0x055f,0x055f,0x055f,
0x055f,0x055f,0x055f,0x055f,0x055f,0x055f,0x055f,0xf800,0xf800,0xf800,
0xf800,0xf800,0xf800,0xf800,0xf800,0xf800,0xf800,0xf800,0xf800,0xf800,
0xf800,0xf800,0xf800,0xf800,0xf800,0xf800,0xf800,0xf800,0xf800,0xf800,
0xf800,0xf800,0xf800,0xf800,0xf800,0xf800,0xf800,0xf800,0xf800,0xf800,
0xf800,0xf800,0xf800,0xf800,0xf800,0xf800,0xf800,0xf800,0xf800,0xf800,
0xf800,0xf800,0xf800,0xf800,0xf800,0xf800,0xf800,0xf800,0xf800,0xf800,
0xffff,0xffff,0xffff,0xffff,0xffff,0xffff,0xffff,0xffff,0xffff,0xffff,
0xffff,0xffff,0xffff,0xffff,0xffff,0xffff,0xffff,0xffff,0xffff,0xffff,
0xffff,0xffff,0xffff,0xffff,0xffff,0xffff,0xffff,0xffff,0xffff,0xffff,
0xffff,0xffff,0xffff,0xffff,0xffff,0xffff,0xffff,0xffff,0xffff,0xffff,
0xffff,0xffff,0xffff,0xffff,0xf800,0xf800,0xf800,0xf800,0xf800,0xf800,
0xf800,0xf800,0xf800,0xf800,0x055f,0x055f,0x055f,0x055f,0x055f,0x055f,
0x055f,0x055f,0x055f,0x055f,0x055f,0x055f,0x055f,0x055f,0x055f,0x055f,
0x055f,0x055f,0x055f,0x055f,0x055f,0x055f,0xf800,0xf800,0xf800,0xf800,
0xf800,0xf800,0xf800,0xf800,0xf800,0xf800,0xf800,0xf800,0xf800,0xf800,
0xf800,0xf800,0xf800,0xf800,0xf800,0xf800,0xf800,0xf800,0xf800,0xf800,
0xf800,0xf800,0xf800,0xf800,0xf800,0xf800,0xf800,0xf800,0xf800,0xf800,
0xf800,0xf800,0xf800,0xf800,0xf800,0xf800,0xf800,0xf800,0xf800,0xf800,
0xf800,0xf800,0xf800,0xf800,0xf800,0xf800,0xf800,0xffff,0xffff,0xffff,
0xffff,0xffff,0xffff,0xffff,0xffff,0xffff,0xffff,0xffff,0xffff,0xffff,
0xffff,0xffff,0xffff,0xffff,0xffff,0xffff,0xffff,0xffff,0xffff,0xffff,
0xffff,0xffff,0xffff,0xffff,0xffff,0xffff,0xffff,0xffff,0xffff,0xffff,
0xffff,0xffff,0xffff,0xffff,0xffff,0xffff,0xffff,0xffff,0xffff,0xffff,
0xffff,0xffff,0xffff,0xf800,0xf800,0xf800,0xf800,0xf800,0xf800,0xf800,
0xf800,0x055f,0x055f,0x055f,0x055f,0x055f,0x055f,0x055f,0x055f,0x055f,
0x055f,0x055f,0x055f,0x055f,0x055f,0x055f,0x055f,0x055f,0x055f,0x055f,
0x055f,0x055f,0x055f,0x055f,0xf800,0xf800,0xf800,0xf800,0xf800,0xf800,
0xf800,0xf800,0xf800,0xf800,0xf800,0xf800,0xf800,0xf800,0xf800,0xf800,
0xf800,0xf800,0xf800,0xf800,0xf800,0xf800,0xf800,0xf800,0xf800,0xf800,
0xf800,0xf800,0xf800,0xf800,0xf800,0xf800,0xf800,0xf800,0xf800,0xf800,
0xf800,0xf800,0xf800,0xf800,0xf800,0xf800,0xf800,0xf800,0xf800,0xf800,
0xf800,0xf800,0xf800,0xf800,0xf800,0xffff,0xffff,0xffff,0xffff,0xffff,
0xffff,0xffff,0xffff,0xffff,0xffff,0xffff,0xffff,0xffff,0xffff,0xffff,
0xffff,0xffff,0xffff,0xffff,0xffff,0xffff,0xffff,0xffff,0xffff,0xffff,
0xffff,0xffff,0xffff,0xffff,0xffff,0xffff,0xffff,0xffff,0xffff,0xffff,
0xffff,0xffff,0xffff,0xffff,0xffff,0xffff,0xffff,0xffff,0xffff,0xffff,
0xffff,0xffff,0xf800,0xf800,0xf800,0xf800,0xf800,0xf800,0xf800,0x055f,
0x055f,0x055f,0x055f,0x055f,0x055f,0x055f,0x055f,0x055f,0x055f,0x055f,
0x055f,0x055f,0x055f,0x055f,0x055f,0x055f,0x055f,0x055f,0x055f,0x055f,
0x055f,0x055f,0x055f,0xf800,0xf800,0xf800,0xf800,0xf800,0xf800,0xf800,
0xf800,0xf800,0xf800,0xf800,0xf800,0xf800,0xf800,0xf800,0xf800,0xf800,
0xf800,0xf800,0xf800,0xf800,0xf800,0xf800,0xf800,0xf800,0xf800,0xf800,
0xf800,0xf800,0xf800,0xf800,0xf800,0xf800,0xf800,0xf800,0xf800,0xf800,
0xf800,0xf800,0xf800,0xf800,0xf800,0xf800,0xf800,0xf800,0xf800,0xf800,
0xf800,0xf800,0xf800,0xffff,0xffff,0xffff,0xffff,0xffff,0xffff,0xffff,
0xffff,0xffff,0xffff,0xffff,0xffff,0xffff,0xffff,0xffff,0xffff,0xffff,
0xffff,0xffff,0xffff,0xffff,0xffff,0xffff,0xffff,0xffff,0xffff,0xffff,
0xffff,0xffff,0xffff,0xffff,0xffff,0xffff,0xffff,0xffff,0xffff,0xffff,
0xffff,0xffff,0xffff,0xffff,0xffff,0xffff,0xffff,0xffff,0xffff,0xffff,
0xffff,0xf800,0xf800,0xf800,0xf800,0xf800,0x055f,0x055f,0x055f,0x055f,
0x055f,0x055f,0x055f,0x055f,0x055f,0x055f,0x055f,0x055f,0x055f,0x055f,
0x055f,0x055f,0x055f,0x055f,0x055f,0x055f,0x055f,0x055f,0x055f,0x055f,
0x055f,0xf800,0xf800,0xf800,0xf800,0xf800,0xf800,0xf800,0xf800,0xf800,
0xf800,0xf800,0xf800,0xf800,0xf800,0xf800,0xf800,0xf800,0xf800,0xf800,
0xf800,0xf800,0xf800,0xf800,0xf800,0xf800,0xf800,0xf800,0xf800,0xf800,
0xf800,0xf800,0xf800,0xf800,0xf800,0xf800,0xf800,0xf800,0xf800,0xf800,
0xf800,0xf800,0xf800,0xf800,0xf800,0xf800,0xf800,0xf800,0xf800,0xf800,
0xf800,0xffff,0xffff,0xffff,0xffff,0xffff,0xffff,0xffff,0xffff,0xffff,
0xf800,0xf800,0xf800,0xf800,0xf800,0xf800,0xf800,0xf800,0xf800,0xf800,
0xf800,0xf800,0xf800,0xf800,0xf800,0xf800,0xf800,0xf800,0xf800,0xf800,
0xf800,0xf800,0xf800,0xf800,0xf800,0xf800,0xf800,0xffff,0xffff,0xffff,
0xffff,0xffff,0xffff,0xffff,0xffff,0xffff,0xffff,0xffff,0xffff,0xffff,
0xf800,0xf800,0xf800,0xf800,0x055f,0x055f,0x055f,0x055f,0x055f,0x055f,
0x055f,0x055f,0x055f,0x055f,0x055f,0x055f,0x055f,0x055f,0x055f,0x055f,
0x055f,0x055f,0x055f,0x055f,0x055f,0x055f,0x055f,0x055f,0x055f,0xf800,
0xf800,0xf800,0xf800,0xf800,0xf800,0xf800,0xf800,0xf800,0xf800,0xf800,
0xf800,0xf800,0xf800,0xf800,0xf800,0xf800,0xf800,0xf800,0xf800,0xf800,
0xf800,0xf800,0xf800,0xf800,0xf800,0xf800,0xf800,0xf800,0xf800,0xf800,
0xf800,0xf800,0xf800,0xf800,0xf800,0xf800,0xf800,0xf800,0xf800,0xf800,
0xf800,0xf800,0xf800,0xf800,0xf800,0xf800,0xf800,0xf800,0xf800,0xffff,
0xffff,0xffff,0xffff,0xffff,0xffff,0xffff,0xffff,0xffff,0xf800,0xf800,
0xf800,0xf800,0xf800,0xf800,0xf800,0xf800,0xf800,0xf800,0xf800,0xf800,
0xf800,0xf800,0xf800,0xf800,0xf800,0xf800,0xf800,0xf800,0xf800,0xf800,
0xf800,0xf800,0xf800,0xf800,0xf800,0xf800,0xf800,0xf800,0xffff,0xffff,
0xffff,0xffff,0xffff,0xffff,0xffff,0xffff,0xffff,0xffff,0xffff,0xf800,
0xf800,0xf800,0x055f,0x055f,0x055f,0x055f,0x055f,0x055f,0x055f,0x055f,
0x055f,0x055f,0x055f,0x055f,0x055f,0x055f,0x055f,0x055f,0x055f,0x055f,
0x055f,0x055f,0x055f,0x055f,0x055f,0x055f,0x055f,0x055f,0xf800,0xf800,
0xf800,0xf800,0xf800,0xf800,0xf800,0xf800,0xf800,0xf800,0xf800,0xf800,
0xf800,0xf800,0xf800,0xf800,0xf800,0xf800,0xf800,0xf800,0xf800,0xf800,
0xf800,0xf800,0xf800,0xf800,0xf800,0xf800,0xf800,0xf800,0xf800,0xf800,
0xf800,0xf800,0xf800,0xf800,0xf800,0xf800,0xf800,0xf800,0xf800,0xf800,
0xf800,0xf800,0xf800,0xf800,0xf800,0xf800,0xf800,0xffff,0xffff,0xffff,
0xffff,0xffff,0xffff,0xffff,0xffff,0xffff,0xf800,0xf800,0xf800,0xf800,
0xf800,0xf800,0xf800,0xf800,0xf800,0xf800,0xf800,0xf800,0xf800,0xf800,
0xf800,0xf800,0xf800,0xf800,0xf800,0xf800,0xf800,0xf800,0xf800,0xf800,
0xf800,0xf800,0xf800,0xf800,0xf800,0xf800,0xf800,0xffff,0xffff,0xffff,
0xffff,0xffff,0xffff,0xffff,0xffff,0xffff,0xffff,0xf800,0xf800,0x055f,
0x055f,0x055f,0x055f,0x055f,0x055f,0x055f,0x055f,0x055f,0x055f,0x055f,
0x055f,0x055f,0x055f,0x055f,0x055f,0x055f,0x055f,0x055f,0x055f,0x055f,
0x055f,0x055f,0x055f,0x055f,0x055f,0x055f,0xf800,0xf800,0xf800,0xf800,
0xf800,0xf800,0xf800,0xf800,0xf800,0xf800,0xf800,0xf800,0xf800,0xf800,
0xf800,0xf800,0xf800,0xf800,0xf800,0xf800,0xf800,0xf800,0xf800,0xf800,
0xf800,0xf800,0xf800,0xf800,0xf800,0xf800,0xf800,0xf800,0xf800,0xf800,
0xf800,0xf800,0xf800,0xf800,0xf800,0xf800,0xf800,0xf800,0xf800,0xf800,
0xf800,0xf800,0xf800,0xf800,0xf800,0xffff,0xffff,0xffff,0xffff,0xffff,
0xffff,0xffff,0xffff,0xffff,0xf800,0xf800,0xf800,0xf800,0xf800,0xf800,
0xf800,0xf800,0xf800,0xf800,0xf800,0xf800,0xf800,0xf800,0xf800,0xf800,
0xf800,0xf800,0xf800,0xf800,0xf800,0xf800,0xf800,0xf800,0xf800,0xf800,
0xf800,0xf800,0xf800,0xf800,0xf800,0xf800,0xffff,0xffff,0xffff,0xffff,
0xffff,0xffff,0xffff,0xffff,0xffff,0xf800,0xf800,0x055f,0x055f,0x055f,
0x055f,0x055f,0x055f,0x055f,0x055f,0x055f,0x055f,0x055f,0x055f,0x055f,
0x055f,0x055f,0x055f,0x055f,0x055f,0x055f,0x055f,0x055f,0x055f,0x055f,
0x055f,0x055f,0x055f,0x055f,0x055f,0xf800,0xf800,0xf800,0xf800,0xf800,
0xf800,0xf800,0xf800,0xf800,0xf800,0xf800,0xf800,0xf800,0xf800,0xf800,
0xf800,0xf800,0xf800,0xf800,0xf800,0xf800,0xf800,0xf800,0xf800,0xf800,
0xf800,0xf800,0xf800,0xf800,0xf800,0xf800,0xf800,0xf800,0xf800,0xf800,
0xf800,0xf800,0xf800,0xf800,0xf800,0xf800,0xf800,0xf800,0xf800,0xf800,
0xf800,0xf800,0xf800,0xffff,0xffff,0xffff,0xffff,0xffff,0xffff,0xffff,
0xffff,0xffff,0xf800,0xf800,0xf800,0xf800,0xf800,0xf800,0xf800,0xf800,
0xf800,0xf800,0xf800,0xf800,0xf800,0xf800,0xf800,0xf800,0xf800,0xf800,
0xf800,0xf800,0xf800,0xf800,0xf800,0xf800,0xf800,0xf800,0xf800,0xf800,
0xf800,0xf800,0xf800,0xf800,0xf800,0xffff,0xffff,0xffff,0xffff,0xffff,
0xffff,0xffff,0xffff,0xffff,0x055f,0x055f,0x055f,0x055f,0x055f,0x055f,
0x055f,0x055f,0x055f,0x055f,0x055f,0x055f,0x055f,0x055f,0x055f,0x055f,
0x055f,0x055f,0x055f,0x055f,0x055f,0x055f,0x055f,0x055f,0x055f,0x055f,
0x055f,0x055f,0x055f,0xf800,0xf800,0xf800,0xf800,0xf800,0xf800,0xf800,
0xf800,0xf800,0xf800,0xf800,0xf800,0xf800,0xf800,0xf800,0xf800,0xf800,
0xf800,0xf800,0xf800,0xf800,0xf800,0xf800,0xf800,0xf800,0xf800,0xf800,
0xf800,0xf800,0xf800,0xf800,0xf800,0xf800,0xf800,0xf800,0xf800,0xf800,
0xf800,0xf800,0xf800,0xf800,0xf800,0xf800,0xf800,0xf800,0xf800,0xf800,
0xf800,0xffff,0xffff,0xffff,0xffff,0xffff,0xffff,0xffff,0xffff,0xffff,
0xf800,0xf800,0xf800,0xf800,0xf800,0xf800,0xf800,0xf800,0xf800,0xf800,
0xf800,0xf800,0xf800,0xf800,0xf800,0xf800,0xf800,0xf800,0xf800,0xf800,
0xf800,0xf800,0xf800,0xf800,0xf800,0xf800,0xf800,0xf800,0xf800,0xf800,
0xf800,0xf800,0xf800,0xffff,0xffff,0xffff,0xffff,0xffff,0xffff,0xffff,
0xffff,0xffff,0x055f,0x055f,0x055f,0x055f,0x055f,0x055f,0x055f,0x055f,
0x055f,0x055f,0x055f,0x055f,0x055f,0x055f,0x055f,0x055f,0x055f,0x055f,
0x055f,0x055f,0x055f,0x055f,0x055f,0x055f,0x055f,0x055f,0x055f,0x055f,
0x055f,0xf800,0xf800,0xf800,0xf800,0xf800,0xf800,0xf800,0xf800,0xf800,
0xf800,0xf800,0xf800,0xf800,0xf800,0xf800,0xf800,0xf800,0xf800,0xf800,
0xf800,0xf800,0xf800,0xf800,0xf800,0xf800,0xf800,0xf800,0xf800,0xf800,
0xf800,0xf800,0xf800,0xf800,0xf800,0xf800,0xf800,0xf800,0xf800,0xf800,
0xf800,0xf800,0xf800,0xf800,0xf800,0xf800,0xf800,0xf800,0xf800,0xffff,
0xffff,0xffff,0xffff,0xffff,0xffff,0xffff,0xffff,0xffff,0xf800,0xf800,
0xf800,0xf800,0xf800,0xf800,0xf800,0xf800,0xf800,0xf800,0xf800,0xf800,
0xf800,0xf800,0xf800,0xf800,0xf800,0xf800,0xf800,0xf800,0xf800,0xf800,
0xf800,0xf800,0xf800,0xf800,0xf800,0xf800,0xf800,0xf800,0xf800,0xf800,
0xf800,0xffff,0xffff,0xffff,0xffff,0xffff,0xffff,0xffff,0xffff,0xffff,
0x055f,0x055f,0x055f,0x055f,0x055f,0x055f,0x055f,0x055f,0x055f,0x055f,
0x055f,0x055f,0x055f,0x055f,0x055f,0x055f,0x055f,0x055f,0x055f,0x055f,
0x055f,0x055f,0x055f,0x055f,0x055f,0x055f,0x055f,0x055f,0x055f,0x055f,
0xf800,0xf800,0xf800,0xf800,0xf800,0xf800,0xf800,0xf800,0xf800,0xf800,
0xf800,0xf800,0xf800,0xf800,0xf800,0xf800,0xf800,0xf800,0xf800,0xf800,
0xf800,0xf800,0xf800,0xf800,0xf800,0xf800,0xf800,0xf800,0xf800,0xf800,
0xf800,0xf800,0xf800,0xf800,0xf800,0xf800,0xf800,0xf800,0xf800,0xf800,
0xf800,0xf800,0xf800,0xf800,0xf800,0xf800,0xf800,0xffff,0xffff,0xffff,
0xffff,0xffff,0xffff,0xffff,0xffff,0xffff,0xf800,0xf800,0xf800,0xf800,
0xf800,0xf800,0xf800,0xf800,0xf800,0xf800,0xf800,0xf800,0xf800,0xf800,
0xf800,0xf800,0xf800,0xf800,0xf800,0xf800,0xf800,0xf800,0xf800,0xf800,
0xf800,0xf800,0xf800,0xf800,0xf800,0xf800,0xf800,0xf800,0xf800,0xf800,
0xffff,0xffff,0xffff,0xffff,0xffff,0xffff,0xffff,0xffff,0x055f,0x055f,
0x055f,0x055f,0x055f,0x055f,0x055f,0x055f,0x055f,0x055f,0x055f,0x055f,
0x055f,0x055f,0x055f,0x055f,0x055f,0x055f,0x055f,0x055f,0x055f,0x055f,
0x055f,0x055f,0x055f,0x055f,0x055f,0x055f,0x055f,0x055f,0xf800,0xf800,
0xf800,0xf800,0xf800,0xf800,0xf800,0xf800,0xf800,0xf800,0xf800,0xf800,
0xf800,0xf800,0xf800,0xf800,0xf800,0xf800,0xf800,0xf800,0xf800,0xf800,
0xf800,0xf800,0xf800,0xf800,0xf800,0xf800,0xf800,0xf800,0xf800,0xf800,
0xf800,0xf800,0xf800,0xf800,0xf800,0xf800,0xf800,0xf800,0xf800,0xf800,
0xf800,0xf800,0xf800,0xf800,0xf800,0xffff,0xffff,0xffff,0xffff,0xffff,
0xffff,0xffff,0xffff,0xffff,0xf800,0xf800,0xf800,0xf800,0xf800,0xf800,
0xf800,0xf800,0xf800,0xf800,0xf800,0xf800,0xf800,0xf800,0xf800,0xf800,
0xf800,0xf800,0xf800,0xf800,0xf800,0xf800,0xf800,0xf800,0xf800,0xf800,
0xf800,0xf800,0xf800,0xf800,0xf800,0xf800,0xf800,0xf800,0xffff,0xffff,
0xffff,0xffff,0xffff,0xffff,0xffff,0xffff,0x055f,0x055f,0x055f,0x055f,
0x055f,0x055f,0x055f,0x055f,0x055f,0x055f,0x055f,0x055f,0x055f,0x055f,
0xf800,0x055f,0x055f,0x055f,0x055f,0x055f,0x055f,0x055f,0x055f,0x055f,
0x055f,0x055f,0x055f,0x055f,0x055f,0x055f,0x055f,0xf800,0xf800,0xf800,
0xf800,0xf800,0xf800,0xf800,0xf800,0xf800,0xf800,0xf800,0xf800,0xf800,
0xf800,0xf800,0xf800,0xf800,0xf800,0xf800,0xf800,0xf800,0xf800,0xf800,
0xf800,0xf800,0xf800,0xf800,0xf800,0xf800,0xf800,0xf800,0xf800,0xf800,
0xf800,0xf800,0xf800,0xf800,0xf800,0xf800,0xf800,0xf800,0xf800,0xf800,
0xf800,0xf800,0xf800,0xffff,0xffff,0xffff,0xffff,0xffff,0xffff,0xffff,
0xffff,0xffff,0xf800,0xf800,0xf800,0xf800,0xf800,0xf800,0xf800,0xf800,
0xf800,0xf800,0xf800,0xf800,0xf800,0xf800,0xf800,0xf800,0xf800,0xf800,
0xf800,0xf800,0xf800,0xf800,0xf800,0xf800,0xf800,0xf800,0xf800,0xf800,
0xf800,0xf800,0xf800,0xf800,0xf800,0xf800,0xffff,0xffff,0xffff,0xffff,
0xffff,0xffff,0xffff,0xffff,0x055f,0x055f,0x055f,0x055f,0x055f,0x055f,
0x055f,0x055f,0x055f,0x055f,0x055f,0x055f,0x055f,0x055f,0xf800,0x055f,
0x055f,0x055f,0x055f,0x055f,0x055f,0x055f,0x055f,0x055f,0x055f,0x055f,
0x055f,0x055f,0x055f,0x055f,0x055f,0xf800,0xf800,0xf800,0xf800,0xf800,
0xf800,0xf800,0xf800,0xf800,0xf800,0xf800,0xf800,0xf800,0xf800,0xf800,
0xf800,0xf800,0xf800,0xf800,0xf800,0xf800,0xf800,0xf800,0xf800,0xf800,
0xf800,0xf800,0xf800,0xf800,0xf800,0xf800,0xf800,0xf800,0xf800,0xf800,
0xf800,0xf800,0xf800,0xf800,0xf800,0xf800,0xf800,0xf800,0xf800,0xf800,
0xf800,0xffff,0xffff,0xffff,0xffff,0xffff,0xffff,0xffff,0xffff,0xffff,
0xf800,0xf800,0xf800,0xf800,0xf800,0xf800,0xf800,0xf800,0xf800,0xf800,
0xf800,0xf800,0xf800,0xf800,0xf800,0xf800,0xf800,0xf800,0xf800,0xf800,
0xf800,0xf800,0xf800,0xf800,0xf800,0xf800,0xf800,0xf800,0xf800,0xf800,
0xf800,0xf800,0xf800,0xffff,0xffff,0xffff,0xffff,0xffff,0xffff,0xffff,
0xffff,0xffff,0x055f,0x055f,0x055f,0x055f,0x055f,0x055f,0x055f,0x055f,
0x055f,0x055f,0x055f,0x055f,0x055f,0x055f,0xf800,0xf800,0x055f,0x055f,
0x055f,0x055f,0x055f,0x055f,0x055f,0x055f,0x055f,0x055f,0x055f,0x055f,
0x055f,0x055f,0x055f,0x055f,0xf800,0xf800,0xf800,0xf800,0xf800,0xf800,
0xf800,0xf800,0xf800,0xf800,0xf800,0xf800,0xf800,0xf800,0xf800,0xf800,
0xf800,0xf800,0xf800,0xf800,0xf800,0xf800,0xf800,0xf800,0xf800,0xf800,
0xf800,0xf800,0xf800,0xf800,0xf800,0xf800,0xf800,0xf800,0xf800,0xf800,
0xf800,0xf800,0xf800,0xf800,0xf800,0xf800,0xf800,0xf800,0xf800,0xffff,
0xffff,0xffff,0xffff,0xffff,0xffff,0xffff,0xffff,0xffff,0xf800,0xf800,
0xf800,0xf800,0xf800,0xf800,0xf800,0xf800,0xf800,0xf800,0xf800,0xf800,
0xf800,0xf800,0xf800,0xf800,0xf800,0xf800,0xf800,0xf800,0xf800,0xf800,
0xf800,0xf800,0xf800,0xf800,0xf800,0xf800,0xf800,0xf800,0xf800,0xf800,
0xf800,0xffff,0xffff,0xffff,0xffff,0xffff,0xffff,0xffff,0xffff,0xffff,
0x055f,0x055f,0x055f,0x055f,0x055f,0x055f,0x055f,0x055f,0x055f,0x055f,
0x055f,0x055f,0x055f,0xf800,0xf800,0xf800,0x055f,0x055f,0x055f,0x055f,
0x055f,0x055f,0x055f,0x055f,0x055f,0x055f,0x055f,0x055f,0x055f,0x055f,
0x055f,0x055f,0xf800,0xf800,0xf800,0xf800,0xf800,0xf800,0xf800,0xf800,
0xf800,0xf800,0xf800,0xf800,0xf800,0xf800,0xf800,0xf800,0xf800,0xf800,
0xf800,0xf800,0xf800,0xf800,0xf800,0xf800,0xf800,0xf800,0xf800,0xf800,
0xf800,0xf800,0xf800,0xf800,0xf800,0xf800,0xf800,0xf800,0xf800,0xf800,
0xf800,0xf800,0xf800,0xf800,0xf800,0xf800,0xf800,0xffff,0xffff,0xffff,
0xffff,0xffff,0xffff,0xffff,0xffff,0xffff,0xf800,0xf800,0xf800,0xf800,
0xf800,0xf800,0xf800,0xf800,0xf800,0xf800,0xf800,0xf800,0xf800,0xf800,
0xf800,0xf800,0xf800,0xf800,0xf800,0xf800,0xf800,0xf800,0xf800,0xf800,
0xf800,0xf800,0xf800,0xf800,0xf800,0xf800,0xf800,0xf800,0xf800,0xffff,
0xffff,0xffff,0xffff,0xffff,0xffff,0xffff,0xffff,0xffff,0x055f,0x055f,
0x055f,0x055f,0x055f,0x055f,0x055f,0x055f,0x055f,0x055f,0x055f,0x055f,
0x055f,0xf800,0xf800,0xf800,0x055f,0x055f,0x055f,0x055f,0x055f,0x055f,
0x055f,0x055f,0x055f,0x055f,0x055f,0x055f,0x055f,0x055f,0x055f,0x055f,
0xf800,0xf800,0xf800,0xf800,0xf800,0xf800,0xf800,0xf800,0xf800,0xf800,
0xf800,0xf800,0xf800,0xf800,0xf800,0xf800,0xf800,0xf800,0xf800,0xf800,
0xf800,0xf800,0xf800,0xf800,0xf800,0xf800,0xf800,0xf800,0xf800,0xf800,
0xf800,0xf800,0xf800,0xf800,0xf800,0xf800,0xf800,0xf800,0xf800,0xf800,
0xf800,0xf800,0xf800,0xf800,0xf800,0xffff,0xffff,0xffff,0xffff,0xffff,
0xffff,0xffff,0xffff,0xffff,0xf800,0xf800,0xf800,0xf800,0xf800,0xf800,
0xf800,0xf800,0xf800,0xf800,0xf800,0xf800,0xf800,0xf800,0xf800,0xf800,
0xf800,0xf800,0xf800,0xf800,0xf800,0xf800,0xf800,0xf800,0xf800,0xf800,
0xf800,0xf800,0xf800,0xf800,0xf800,0xf800,0xffff,0xffff,0xffff,0xffff,
0xffff,0xffff,0xffff,0xffff,0xffff,0x055f,0x055f,0x055f,0x055f,0x055f,
0x055f,0x055f,0x055f,0x055f,0x055f,0x055f,0x055f,0x055f,0xf800,0xf800,
0xf800,0xf800,0xf800,0x055f,0x055f,0x055f,0x055f,0x055f,0x055f,0x055f,
0x055f,0x055f,0x055f,0x055f,0x055f,0x055f,0x055f,0x055f,0x055f,0xf800,
0xf800,0xf800,0xf800,0xf800,0xf800,0xf800,0xf800,0xf800,0xf800,0xf800,
0xf800,0xf800,0xf800,0xf800,0xf800,0xf800,0xf800,0xf800,0xf800,0xf800,
0xf800,0xf800,0xf800,0xf800,0xf800,0xf800,0xf800,0xf800,0xf800,0xf800,
0xf800,0xf800,0xf800,0xf800,0xf800,0xf800,0xf800,0xf800,0xf800,0xf800,
0xf800,0xf800,0xf800,0xffff,0xffff,0xffff,0xffff,0xffff,0xffff,0xffff,
0xffff,0xffff,0xf800,0xf800,0xf800,0xf800,0xf800,0xf800,0xf800,0xf800,
0xf800,0xf800,0xf800,0xf800,0xf800,0xf800,0xf800,0xf800,0xf800,0xf800,
0xf800,0xf800,0xf800,0xf800,0xf800,0xf800,0xf800,0xf800,0xf800,0xf800,
0xf800,0xf800,0xf800,0xffff,0xffff,0xffff,0xffff,0xffff,0xffff,0xffff,
0xffff,0xffff,0xffff,0x055f,0x055f,0x055f,0x055f,0x055f,0x055f,0x055f,
0x055f,0x055f,0x055f,0x055f,0x055f,0x055f,0xf800,0xf800,0xf800,0xf800,
0xf800,0x055f,0x055f,0x055f,0x055f,0x055f,0x055f,0x055f,0x055f,0x055f,
0x055f,0x055f,0x055f,0x055f,0x055f,0x055f,0x055f,0xf800,0xf800,0xf800,
0xf800,0xf800,0xf800,0xf800,0xf800,0xf800,0xf800,0xf800,0xf800,0xf800,
0xf800,0xf800,0xf800,0xf800,0xf800,0xf800,0xf800,0xf800,0xf800,0xf800,
0xf800,0xf800,0xf800,0xf800,0xf800,0xf800,0xf800,0xf800,0xf800,0xf800,
0xf800,0xf800,0xf800,0xf800,0xf800,0xf800,0xf800,0xf800,0xf800,0xf800,
0xf800,0xffff,0xffff,0xffff,0xffff,0xffff,0xffff,0xffff,0xffff,0xffff,
0xf800,0xf800,0xf800,0xf800,0xf800,0xf800,0xf800,0xf800,0xf800,0xf800,
0xf800,0xf800,0xf800,0xf800,0xf800,0xf800,0xf800,0xf800,0xf800,0xf800,
0xf800,0xf800,0xf800,0xf800,0xf800,0xf800,0xf800,0xf800,0xf800,0xf800,
0xffff,0xffff,0xffff,0xffff,0xffff,0xffff,0xffff,0xffff,0xffff,0xffff,
0xffff,0x055f,0x055f,0x055f,0x055f,0x055f,0x055f,0x055f,0x055f,0x055f,
0x055f,0x055f,0x055f,0xf800,0xf800,0xf800,0xf800,0xf800,0xf800,0xf800,
0x055f,0x055f,0x055f,0x055f,0x055f,0x055f,0x055f,0x055f,0x055f,0x055f,
0x055f,0x055f,0x055f,0x055f,0x055f,0x055f,0xf800,0xf800,0xf800,0xf800,
0xf800,0xf800,0xf800,0xf800,0xf800,0xf800,0xf800,0xf800,0xf800,0xf800,
0xf800,0xf800,0xf800,0xf800,0xf800,0xf800,0xf800,0xf800,0xf800,0xf800,
0xf800,0xf800,0xf800,0xf800,0xf800,0xf800,0xf800,0xf800,0xf800,0xf800,
0xf800,0xf800,0xf800,0xf800,0xf800,0xf800,0xf800,0xf800,0xf800,0xffff,
0xffff,0xffff,0xffff,0xffff,0xffff,0xffff,0xffff,0xffff,0xf800,0xf800,
0xf800,0xf800,0xf800,0xf800,0xf800,0xf800,0xf800,0xf800,0xf800,0xf800,
0xf800,0xf800,0xf800,0xf800,0xf800,0xf800,0xf800,0xf800,0xf800,0xf800,
0xf800,0xf800,0xf800,0xf800,0xf800,0xf800,0xf800,0xffff,0xffff,0xffff,
0xffff,0xffff,0xffff,0xffff,0xffff,0xffff,0xffff,0xffff,0x055f,0x055f,
0x055f,0x055f,0x055f,0x055f,0x055f,0x055f,0x055f,0x055f,0x055f,0x055f,
0x055f,0xf800,0xf800,0xf800,0xf800,0xf800,0xf800,0xf800,0x055f,0x055f,
0x055f,0x055f,0x055f,0x055f,0x055f,0x055f,0x055f,0x055f,0x055f,0x055f,
0x055f,0x055f,0x055f,0x055f,0xf800,0xf800,0xf800,0xf800,0xf800,0xf800,
0xf800,0xf800,0xf800,0xf800,0xf800,0xf800,0xf800,0xf800,0xf800,0xf800,
0xf800,0xf800,0xf800,0xf800,0xf800,0xf800,0xf800,0xf800,0xf800,0xf800,
0xf800,0xf800,0xf800,0xf800,0xf800,0xf800,0xf800,0xf800,0xf800,0xf800,
0xf800,0xf800,0xf800,0xf800,0xf800,0xf800,0xf800,0xffff,0xffff,0xffff,
0xffff,0xffff,0xffff,0xffff,0xffff,0xffff,0xf800,0xf800,0xf800,0xf800,
0xf800,0xf800,0xf800,0xf800,0xf800,0xf800,0xf800,0xf800,0xf800,0xf800,
0xf800,0xf800,0xf800,0xf800,0xf800,0xf800,0xf800,0xf800,0xf800,0xf800,
0xf800,0xf800,0xffff,0xffff,0xffff,0xffff,0xffff,0xffff,0xffff,0xffff,
0xffff,0xffff,0xffff,0xffff,0xffff,0x055f,0x055f,0x055f,0x055f,0x055f,
0x055f,0x055f,0x055f,0x055f,0x055f,0x055f,0x055f,0x055f,0x055f,0xf800,
0xf800,0xf800,0xf800,0xf800,0xf800,0xf800,0xf800,0x055f,0x055f,0x055f,
0x055f,0x055f,0x055f,0x055f,0x055f,0x055f,0x055f,0x055f,0x055f,0x055f,
0x055f,0x055f,0xf800,0xf800,0xf800,0xf800,0xf800,0xf800,0xf800,0xf800,
0xf800,0xf800,0xf800,0xf800,0xf800,0xf800,0xf800,0xf800,0xf800,0xf800,
0xf800,0xf800,0xf800,0xf800,0xf800,0xf800,0xf800,0xf800,0xf800,0xf800,
0xf800,0xf800,0xf800,0xf800,0xf800,0xf800,0xf800,0xf800,0xf800,0xf800,
0xf800,0xf800,0xf800,0xf800,0xf800,0xffff,0xffff,0xffff,0xffff,0xffff,
0xffff,0xffff,0xffff,0xffff,0xf800,0xf800,0xf800,0xf800,0xf800,0xf800,
0xf800,0xf800,0xf800,0xf800,0xf800,0xf800,0xf800,0xf800,0xf800,0xf800,
0xf800,0xf800,0xf800,0xf800,0xf800,0xffff,0xffff,0xffff,0xffff,0xffff,
0xffff,0xffff,0xffff,0xffff,0xffff,0xffff,0xffff,0xffff,0xffff,0xffff,
0xffff,0xffff,0x055f,0x055f,0x055f,0x055f,0x055f,0x055f,0x055f,0x055f,
0x055f,0x055f,0x055f,0x055f,0x055f,0x055f,0xf800,0xf800,0xf800,0xf800,
0xf800,0xf800,0xf800,0xf800,0xf800,0x055f,0x055f,0x055f,0x055f,0x055f,
0x055f,0x055f,0x055f,0x055f,0x055f,0x055f,0x055f,0x055f,0x055f,0x055f,
0x055f,0xf800,0xf800,0xf800,0xf800,0xf800,0xf800,0xf800,0xf800,0xf800,
0xf800,0xf800,0xf800,0xf800,0xf800,0xf800,0xf800,0xf800,0xf800,0xf800,
0xf800,0xf800,0xf800,0xf800,0xf800,0xf800,0xf800,0xf800,0xf800,0xf800,
0xf800,0xf800,0xf800,0xf800,0xf800,0xf800,0xf800,0xf800,0xf800,0xf800,
0xf800,0xf800,0xf800,0xffff,0xffff,0xffff,0xffff,0xffff,0xffff,0xffff,
0xffff,0xffff,0xffff,0xffff,0xffff,0xffff,0xffff,0xffff,0xffff,0xffff,
0xffff,0xffff,0xffff,0xffff,0xffff,0xffff,0xffff,0xffff,0xffff,0xffff,
0xffff,0xffff,0xffff,0xffff,0xffff,0xffff,0xffff,0xffff,0xffff,0xffff,
0xffff,0xffff,0xffff,0xffff,0xffff,0xffff,0xffff,0xffff,0xffff,0x055f,
0x055f,0x055f,0x055f,0x055f,0x055f,0x055f,0x055f,0x055f,0x055f,0x055f,
0x055f,0x055f,0x055f,0x055f,0xf800,0xf800,0xf800,0xf800,0xf800,0xf800,
0xf800,0xf800,0xf800,0x055f,0x055f,0x055f,0x055f,0x055f,0x055f,0x055f,
0x055f,0x055f,0x055f,0x055f,0x055f,0x055f,0x055f,0x055f,0x055f,0xf800,
0xf800,0xf800,0xf800,0xf800,0xf800,0xf800,0xf800,0xf800,0xf800,0xf800,
0xf800,0xf800,0xf800,0xf800,0xf800,0xf800,0xf800,0xf800,0xf800,0xf800,
0xf800,0xf800,0xf800,0xf800,0xf800,0xf800,0xf800,0xf800,0xf800,0xf800,
0xf800,0xf800,0xf800,0xf800,0xf800,0xf800,0xf800,0xf800,0xf800,0xf800,
0xf800,0xffff,0xffff,0xffff,0xffff,0xffff,0xffff,0xffff,0xffff,0xffff,
0xffff,0xffff,0xffff,0xffff,0xffff,0xffff,0xffff,0xffff,0xffff,0xffff,
0xffff,0xffff,0xffff,0xffff,0xffff,0xffff,0xffff,0xffff,0xffff,0xffff,
0xffff,0xffff,0xffff,0xffff,0xffff,0xffff,0xffff,0xffff,0xffff,0xffff,
0xffff,0xffff,0xffff,0xffff,0xffff,0xffff,0x055f,0x055f,0x055f,0x055f,
0x055f,0x055f,0x055f,0x055f,0x055f,0x055f,0x055f,0x055f,0x055f,0x055f,
0x055f,0xf800,0xf800,0xf800,0xf800,0xf800,0xf800,0xf800,0xf800,0xf800,
0xf800,0xf800,0x055f,0x055f,0x055f,0x055f,0x055f,0x055f,0x055f,0x055f,
0x055f,0x055f,0x055f,0x055f,0x055f,0x055f,0x055f,0x055f,0xf800,0xf800,
0xf800,0xf800,0xf800,0xf800,0xf800,0xf800,0xf800,0xf800,0xf800,0xf800,
0xf800,0xf800,0xf800,0xf800,0xf800,0xf800,0xf800,0xf800,0xf800,0xf800,
0xf800,0xf800,0xf800,0xf800,0xf800,0xf800,0xf800,0xf800,0xf800,0xf800,
0xf800,0xf800,0xf800,0xf800,0xf800,0xf800,0xf800,0xf800,0xf800,0xffff,
0xffff,0xffff,0xffff,0xffff,0xffff,0xffff,0xffff,0xffff,0xffff,0xffff,
0xffff,0xffff,0xffff,0xffff,0xffff,0xffff,0xffff,0xffff,0xffff,0xffff,
0xffff,0xffff,0xffff,0xffff,0xffff,0xffff,0xffff,0xffff,0xffff,0xffff,
0xffff,0xffff,0xffff,0xffff,0xffff,0xffff,0xffff,0xffff,0xffff,0xffff,
0xffff,0xffff,0xf800,0xf800,0x055f,0x055f,0x055f,0x055f,0x055f,0x055f,
0x055f,0x055f,0x055f,0x055f,0x055f,0x055f,0x055f,0x055f,0x055f,0xf800,
0xf800,0xf800,0xf800,0xf800,0xf800,0xf800,0xf800,0xf800,0xf800,0xf800,
0x055f,0x055f,0x055f,0x055f,0x055f,0x055f,0x055f,0x055f,0x055f,0x055f,
0x055f,0x055f,0x055f,0x055f,0x055f,0x055f,0xf800,0xf800,0xf800,0xf800,
0xf800,0xf800,0xf800,0xf800,0xf800,0xf800,0xf800,0xf800,0xf800,0xf800,
0xf800,0xf800,0xf800,0xf800,0xf800,0xf800,0xf800,0xf800,0xf800,0xf800,
0xf800,0xf800,0xf800,0xf800,0xf800,0xf800,0xf800,0xf800,0xf800,0xf800,
0xf800,0xf800,0xf800,0xf800,0xf800,0xf800,0xf800,0xffff,0xffff,0xffff,
0xffff,0xffff,0xffff,0xffff,0xffff,0xffff,0xffff,0xffff,0xffff,0xffff,
0xffff,0xffff,0xffff,0xffff,0xffff,0xffff,0xffff,0xffff,0xffff,0xffff,
0xffff,0xffff,0xffff,0xffff,0xffff,0xffff,0xffff,0xffff,0xffff,0xffff,
0xffff,0xffff,0xffff,0xffff,0xffff,0xffff,0xffff,0xffff,0xffff,0xffff,
0xffff,0xffff,0x055f,0x055f,0x055f,0x055f,0x055f,0x055f,0x055f,0x055f,
0x055f,0x055f,0x055f,0x055f,0x055f,0x055f,0x055f,0xf800,0xf800,0xf800,
0xf800,0xf800,0xf800,0xf800,0xf800,0xf800,0xf800,0xf800,0xf800,0x055f,
0x055f,0x055f,0x055f,0x055f,0x055f,0x055f,0x055f,0x055f,0x055f,0x055f,
0x055f,0x055f,0x055f,0x055f,0xf800,0xf800,0xf800,0xf800,0xf800,0xf800,
0xf800,0xf800,0xf800,0xf800,0xf800,0xf800,0xf800,0xf800,0xf800,0xf800,
0xf800,0xf800,0xf800,0xf800,0xf800,0xf800,0xf800,0xf800,0xf800,0xf800,
0xf800,0xf800,0xf800,0xf800,0xf800,0xf800,0xf800,0xf800,0xf800,0xf800,
0xf800,0xf800,0xf800,0xf800,0xf800,0xffff,0xffff,0xffff,0xffff,0xffff,
0xffff,0xffff,0xffff,0xffff,0xffff,0xffff,0xffff,0xffff,0xffff,0xffff,
0xffff,0xffff,0xffff,0xffff,0xffff,0xffff,0xffff,0xffff,0xffff,0xffff,
0xffff,0xffff,0xffff,0xffff,0xffff,0xffff,0xffff,0xffff,0xffff,0xffff,
0xffff,0xffff,0xffff,0xffff,0xffff,0xffff,0xffff,0xffff,0xffff,0xffff,
0xffff,0xffff,0x055f,0x055f,0x055f,0x055f,0x055f,0x055f,0x055f,0x055f,
0x055f,0x055f,0x055f,0x055f,0xf800,0xf800,0xf800,0xf800,0xf800,0xf800,
0xf800,0xf800,0xf800,0xf800,0xf800,0xf800,0xf800,0x055f,0x055f,0x055f,
0x055f,0x055f,0x055f,0x055f,0x055f,0x055f,0x055f,0x055f,0x055f,0x055f,
0x055f,0x055f,0x055f,0xf800,0xf800,0xf800,0xf800,0xf800,0xf800,0xf800,
0xf800,0xf800,0xf800,0xf800,0xf800,0xf800,0xf800,0xf800,0xf800,0xf800,
0xf800,0xf800,0xf800,0xf800,0xf800,0xf800,0xf800,0xf800,0xf800,0xf800,
0xf800,0xf800,0xf800,0xf800,0xf800,0xf800,0xf800,0xf800,0xf800,0xf800,
0xf800,0xf800,0xf800,0xffff,0xffff,0xffff,0xffff,0xffff,0xffff,0xffff,
0xffff,0xffff,0xffff,0xffff,0xffff,0xffff,0xffff,0xffff,0xffff,0xffff,
0xffff,0xffff,0xffff,0xffff,0xffff,0xffff,0xffff,0xffff,0xffff,0xffff,
0xffff,0xffff,0xffff,0xffff,0xffff,0xffff,0xffff,0xffff,0xffff,0xffff,
0xffff,0xffff,0xffff,0xffff,0xffff,0xffff,0xffff,0xffff,0xffff,0xffff,
0xffff,0x055f,0x055f,0x055f,0x055f,0x055f,0x055f,0x055f,0x055f,0x055f,
0x055f,0x055f,0xf800,0xf800,0xf800,0xf800,0xf800,0xf800,0xf800,0xf800,
0xf800,0xf800,0xf800,0xf800,0xf800,0xf800,0x055f,0x055f,0x055f,0x055f,
0x055f,0x055f,0x055f,0x055f,0x055f,0x055f,0x055f,0x055f,0x055f,0x055f,
0x055f,0xf800,0xf800,0xf800,0xf800,0xf800,0xf800,0xf800,0xf800,0xf800,
0xf800,0xf800,0xf800,0xf800,0xf800,0xf800,0xf800,0xf800,0xf800,0xf800,
0xf800,0xf800,0xf800,0xf800,0xf800,0xf800,0xf800,0xf800,0xf800,0xf800,
0xf800,0xf800,0xf800,0xf800,0xf800,0xf800,0xf800,0xf800,0xf800,0xf800,
0xf800,0xffff,0xffff,0xffff,0xffff,0xffff,0xffff,0xffff,0xffff,0xffff,
0xffff,0xffff,0xffff,0xffff,0xffff,0xffff,0xffff,0xffff,0xffff,0xffff,
0xffff,0xffff,0xffff,0xffff,0xffff,0xffff,0xffff,0xffff,0xffff,0xffff,
0xffff,0xffff,0xffff,0xffff,0xffff,0xffff,0xffff,0xffff,0xffff,0xffff,
0xffff,0xffff,0xffff,0xffff,0xffff,0xffff,0xffff,0xffff,0xffff,0xffff,
0x055f,0x055f,0x055f,0x055f,0x055f,0x055f,0x055f,0x055f,0x055f,0xf800,
0xf800,0xf800,0xf800,0xf800,0xf800,0xf800,0xf800,0xf800,0xf800,0xf800,
0xf800,0xf800,0xf800,0xf800,0x055f,0x055f,0x055f,0x055f,0x055f,0x055f,
0x055f,0x055f,0x055f,0x055f,0x055f,0x055f,0x055f,0x055f,0x055f,0x055f,
0xf800,0xf800,0xf800,0xf800,0xf800,0xf800,0xf800,0xf800,0xf800,0xf800,
0xf800,0xf800,0xf800,0xf800,0xf800,0xf800,0xf800,0xf800,0xf800,0xf800,
0xf800,0xf800,0xf800,0xf800,0xf800,0xf800,0xf800,0xf800,0xf800,0xf800,
0xf800,0xf800,0xf800,0xf800,0xf800,0xf800,0xf800,0xf800,0xf800,0xffff,
0xffff,0xffff,0xffff,0xffff,0xffff,0xffff,0xffff,0xffff,0xf800,0xf800,
0xf800,0xf800,0xf800,0xf800,0xf800,0xf800,0xf800,0xf800,0xf800,0xf800,
0xf800,0xf800,0xf800,0xf800,0xf800,0xf800,0xf800,0xf800,0xf800,0xf800,
0xf800,0xf800,0xf800,0xf800,0xf800,0xf800,0xffff,0xffff,0xffff,0xffff,
0xffff,0xffff,0xffff,0xffff,0xffff,0xffff,0xffff,0xffff,0xffff,0x055f,
0x055f,0x055f,0x055f,0x055f,0x055f,0x055f,0x055f,0xf800,0xf800,0xf800,
0xf800,0xf800,0xf800,0xf800,0xf800,0xf800,0xf800,0xf800,0xf800,0xf800,
0xf800,0xf800,0x055f,0x055f,0x055f,0x055f,0x055f,0x055f,0x055f,0x055f,
0x055f,0x055f,0x055f,0x055f,0x055f,0x055f,0x055f,0x055f,0xf800,0xf800,
0xf800,0xf800,0xf800,0xf800,0xf800,0xf800,0xf800,0xf800,0xf800,0xf800,
0xf800,0xf800,0xf800,0xf800,0xf800,0xf800,0xf800,0xf800,0xf800,0xf800,
0xf800,0xf800,0xf800,0xf800,0xf800,0xf800,0xf800,0xf800,0xf800,0xf800,
0xf800,0xf800,0xf800,0xf800,0xf800,0xf800,0xf800,0xffff,0xffff,0xffff,
0xffff,0xffff,0xffff,0xffff,0xffff,0xffff,0xf800,0xf800,0xf800,0xf800,
0xf800,0xf800,0xf800,0xf800,0xf800,0xf800,0xf800,0xf800,0xf800,0xf800,
0xf800,0xf800,0xf800,0xf800,0xf800,0xf800,0xf800,0xf800,0xf800,0xf800,
0xf800,0xf800,0xf800,0xf800,0xf800,0xf800,0xffff,0xffff,0xffff,0xffff,
0xffff,0xffff,0xffff,0xffff,0xffff,0xffff,0xffff,0xffff,0x055f,0x055f,
0x055f,0x055f,0x055f,0x055f,0x055f,0xf800,0xf800,0xf800,0xf800,0xf800,
0xf800,0xf800,0xf800,0xf800,0xf800,0xf800,0xf800,0xf800,0xf800,0xf800,
0xf800,0x055f,0x055f,0x055f,0x055f,0x055f,0x055f,0x055f,0x055f,0x055f,
0x055f,0x055f,0x055f,0x055f,0x055f,0x055f,0xf800,0xf800,0xf800,0xf800,
0xf800,0xf800,0xf800,0xf800,0xf800,0xf800,0xf800,0xf800,0xf800,0xf800,
0xf800,0xf800,0xf800,0xf800,0xf800,0xf800,0xf800,0xf800,0xf800,0xf800,
0xf800,0xf800,0xf800,0xf800,0xf800,0xf800,0xf800,0xf800,0xf800,0xf800,
0xf800,0xf800,0xf800,0xf800,0xf800,0xffff,0xffff,0xffff,0xffff,0xffff,
0xffff,0xffff,0xffff,0xffff,0xf800,0xf800,0xf800,0xf800,0xf800,0xf800,
0xf800,0xf800,0xf800,0xf800,0xf800,0xf800,0xf800,0xf800,0xf800,0xf800,
0xf800,0xf800,0xf800,0xf800,0xf800,0xf800,0xf800,0xf800,0xf800,0xf800,
0xf800,0xf800,0xf800,0xf800,0xf800,0xf800,0xffff,0xffff,0xffff,0xffff,
0xffff,0xffff,0xffff,0xffff,0xffff,0xffff,0x055f,0x055f,0x055f,0x055f,
0x055f,0x055f,0xf800,0xf800,0xf800,0xf800,0xf800,0xf800,0xf800,0xf800,
0xf800,0xf800,0xf800,0xf800,0xf800,0xf800,0xf800,0xf800,0xf800,0x055f,
0x055f,0x055f,0x055f,0x055f,0x055f,0x055f,0x055f,0x055f,0x055f,0x055f,
0x055f,0x055f,0x055f,0x055f,0x055f,0xf800,0xf800,0xf800,0xf800,0xf800,
0xf800,0xf800,0xf800,0xf800,0xf800,0xf800,0xf800,0xf800,0xf800,0xf800,
0xf800,0xf800,0xf800,0xf800,0xf800,0xf800,0xf800,0xf800,0xf800,0xf800,
0xf800,0xf800,0xf800,0xf800,0xf800,0xf800,0xf800,0xf800,0xf800,0xf800,
0xf800,0xf800,0xf800,0xffff,0xffff,0xffff,0xffff,0xffff,0xffff,0xffff,
0xffff,0xffff,0xf800,0xf800,0xf800,0xf800,0xf800,0xf800,0xf800,0xf800,
0xf800,0xf800,0xf800,0xf800,0xf800,0xf800,0xf800,0xf800,0xf800,0xf800,
0xf800,0xf800,0xf800,0xf800,0xf800,0xf800,0xf800,0xf800,0xf800,0xf800,
0xf800,0xf800,0xf800,0xf800,0x055f,0xffff,0xffff,0xffff,0xffff,0xffff,
0xffff,0xffff,0xffff,0xffff,0xffff,0x055f,0x055f,0x055f,0x055f,0x055f,
0xf800,0xf800,0xf800,0xf800,0xf800,0xf800,0xf800,0xf800,0xf800,0xf800,
0xf800,0xf800,0xf800,0xf800,0xf800,0xf800,0xf800,0xf800,0x055f,0x055f,
0x055f,0x055f,0x055f,0x055f,0x055f,0x055f,0x055f,0x055f,0x055f,0x055f,
0x055f,0x055f,0x055f,0xf800,0xf800,0xf800,0xf800,0xf800,0xf800,0xf800,
0xf800,0xf800,0xf800,0xf800,0xf800,0xf800,0xf800,0xf800,0xf800,0xf800,
0xf800,0xf800,0xf800,0xf800,0xf800,0xf800,0xf800,0xf800,0xf800,0xf800,
0xf800,0xf800,0xf800,0xf800,0xf800,0xf800,0xf800,0xf800,0xf800,0xf800,
0xf800,0xffff,0xffff,0xffff,0xffff,0xffff,0xffff,0xffff,0xffff,0xffff,
0xf800,0xf800,0xf800,0xf800,0xf800,0xf800,0xf800,0xf800,0xf800,0xf800,
0xf800,0xf800,0xf800,0xf800,0xf800,0xf800,0xf800,0xf800,0xf800,0xf800,
0xf800,0xf800,0xf800,0xf800,0xf800,0xf800,0xf800,0xf800,0xf800,0xf800,
0xf800,0xf800,0x055f,0x055f,0xffff,0xffff,0xffff,0xffff,0xffff,0xffff,
0xffff,0xffff,0xffff,0x055f,0x055f,0x055f,0x055f,0xf800,0xf800,0xf800,
0xf800,0xf800,0xf800,0xf800,0xf800,0xf800,0xf800,0xf800,0xf800,0xf800,
0xf800,0xf800,0xf800,0xf800,0xf800,0xf800,0x055f,0x055f,0x055f,0x055f,
0x055f,0x055f,0x055f,0x055f,0x055f,0x055f,0x055f,0x055f,0x055f,0x055f,
0x055f,0x055f,0xf800,0xf800,0xf800,0xf800,0xf800,0xf800,0xf800,0xf800,
0xf800,0xf800,0xf800,0xf800,0xf800,0xf800,0xf800,0xf800,0xf800,0xf800,
0xf800,0xf800,0xf800,0xf800,0xf800,0xf800,0xf800,0xf800,0xf800,0xf800,
0xf800,0xf800,0xf800,0xf800,0xf800,0xf800,0xf800,0xf800,0xf800,0xffff,
0xffff,0xffff,0xffff,0xffff,0xffff,0xffff,0xffff,0xffff,0xf800,0xf800,
0xf800,0xf800,0xf800,0xf800,0xf800,0xf800,0xf800,0xf800,0xf800,0xf800,
0xf800,0xf800,0xf800,0xf800,0xf800,0xf800,0xf800,0xf800,0xf800,0xf800,
0xf800,0xf800,0xf800,0xf800,0xf800,0xf800,0xf800,0xf800,0xf800,0xf800,
0x055f,0x055f,0xffff,0xffff,0xffff,0xffff,0xffff,0xffff,0xffff,0xffff,
0xffff,0xffff,0x055f,0x055f,0x055f,0xf800,0xf800,0xf800,0xf800,0xf800,
0xf800,0xf800,0xf800,0xf800,0xf800,0xf800,0xf800,0xf800,0xf800,0xf800,
0xf800,0xf800,0xf800,0xf800,0x055f,0x055f,0x055f,0x055f,0x055f,0x055f,
0x055f,0x055f,0x055f,0x055f,0x055f,0x055f,0x055f,0x055f,0x055f,0x055f,
0xf800,0xf800,0xf800,0xf800,0xf800,0xf800,0xf800,0xf800,0xf800,0xf800,
0xf800,0xf800,0xf800,0xf800,0xf800,0xf800,0xf800,0xf800,0xf800,0xf800,
0xf800,0xf800,0xf800,0xf800,0xf800,0xf800,0xf800,0xf800,0xf800,0xf800,
0xf800,0xf800,0xf800,0xf800,0xf800,0xf800,0xf800,0xffff,0xffff,0xffff,
0xffff,0xffff,0xffff,0xffff,0xffff,0xffff,0xf800,0xf800,0xf800,0xf800,
0xf800,0xf800,0xf800,0xf800,0xf800,0xf800,0xf800,0xf800,0xf800,0xf800,
0xf800,0xf800,0xf800,0xf800,0xf800,0xf800,0xf800,0xf800,0xf800,0xf800,
0xf800,0xf800,0xf800,0xf800,0xf800,0xf800,0xf800,0x055f,0x055f,0x055f,
0x055f,0xffff,0xffff,0xffff,0xffff,0xffff,0xffff,0xffff,0xffff,0xffff,
0x055f,0x055f,0xf800,0xf800,0xf800,0xf800,0xf800,0xf800,0xf800,0xf800,
0xf800,0xf800,0xf800,0xf800,0xf800,0xf800,0xf800,0xf800,0xf800,0xf800,
0xf800,0xf800,0xf800,0x055f,0x055f,0x055f,0x055f,0x055f,0x055f,0x055f,
0x055f,0x055f,0x055f,0x055f,0x055f,0x055f,0x055f,0x055f,0xf800,0xf800,
0xf800,0xf800,0xf800,0xf800,0xf800,0xf800,0xf800,0xf800,0xf800,0xf800,
0xf800,0xf800,0xf800,0xf800,0xf800,0xf800,0xf800,0xf800,0xf800,0xf800,
0xf800,0xf800,0xf800,0xf800,0xf800,0xf800,0xf800,0xf800,0xf800,0xf800,
0xf800,0xf800,0xf800,0xf800,0xf800,0xffff,0xffff,0xffff,0xffff,0xffff,
0xffff,0xffff,0xffff,0xffff,0xf800,0xf800,0xf800,0xf800,0xf800,0xf800,
0xf800,0xf800,0xf800,0xf800,0xf800,0xf800,0xf800,0xf800,0xf800,0xf800,
0xf800,0xf800,0xf800,0xf800,0xf800,0xf800,0xf800,0xf800,0xf800,0xf800,
0xf800,0xf800,0xf800,0xf800,0xf800,0x055f,0x055f,0x055f,0x055f,0xffff,
0xffff,0xffff,0xffff,0xffff,0xffff,0xffff,0xffff,0xffff,0x055f,0x055f,
0xf800,0xf800,0xf800,0xf800,0xf800,0xf800,0xf800,0xf800,0xf800,0xf800,
0xf800,0xf800,0xf800,0xf800,0xf800,0xf800,0xf800,0xf800,0xf800,0xf800,
0xf800,0x055f,0x055f,0x055f,0x055f,0x055f,0x055f,0x055f,0x055f,0x055f,
0x055f,0x055f,0x055f,0x055f,0x055f,0x055f,0x055f,0xf800,0xf800,0xf800,
0xf800,0xf800,0xf800,0xf800,0xf800,0xf800,0xf800,0xf800,0xf800,0xf800,
0xf800,0xf800,0xf800,0xf800,0xf800,0xf800,0xf800,0xf800,0xf800,0xf800,
0xf800,0xf800,0xf800,0xf800,0xf800,0xf800,0xf800,0xf800,0xf800,0xf800,
0xf800,0xf800,0xf800,0xffff,0xffff,0xffff,0xffff,0xffff,0xffff,0xffff,
0xffff,0xffff,0xf800,0xf800,0xf800,0xf800,0xf800,0xf800,0xf800,0xf800,
0xf800,0xf800,0xf800,0xf800,0xf800,0xf800,0xf800,0xf800,0xf800,0xf800,
0xf800,0xf800,0xf800,0xf800,0xf800,0xf800,0xf800,0xf800,0xf800,0xf800,
0xf800,0xf800,0x055f,0x055f,0x055f,0x055f,0x055f,0xffff,0xffff,0xffff,
0xffff,0xffff,0xffff,0xffff,0xffff,0xffff,0x055f,0x055f,0xf800,0xf800,
0xf800,0xf800,0xf800,0xf800,0xf800,0xf800,0xf800,0xf800,0xf800,0xf800,
0xf800,0xf800,0xf800,0xf800,0xf800,0xf800,0xf800,0xf800,0xf800,0xf800,
0x055f,0x055f,0x055f,0x055f,0x055f,0x055f,0x055f,0x055f,0x055f,0x055f,
0x055f,0x055f,0x055f,0x055f,0x055f,0xf800,0xf800,0xf800,0xf800,0xf800,
0xf800,0xf800,0xf800,0xf800,0xf800,0xf800,0xf800,0xf800,0xf800,0xf800,
0xf800,0xf800,0xf800,0xf800,0xf800,0xf800,0xf800,0xf800,0xf800,0xf800,
0xf800,0xf800,0xf800,0xf800,0xf800,0xf800,0xf800,0xf800,0xf800,0xf800,
0xf800,0xffff,0xffff,0xffff,0xffff,0xffff,0xffff,0xffff,0xffff,0xffff,
0xf800,0xf800,0xf800,0xf800,0xf800,0xf800,0xf800,0xf800,0xf800,0xf800,
0xf800,0xf800,0xf800,0xf800,0xf800,0xf800,0xf800,0xf800,0xf800,0xf800,
0xf800,0xf800,0xf800,0xf800,0xf800,0xf800,0xf800,0xf800,0xf800,0xf800,
0x055f,0x055f,0x055f,0x055f,0x055f,0xffff,0xffff,0xffff,0xffff,0xffff,
0xffff,0xffff,0xffff,0xffff,0x055f,0xf800,0xf800,0xf800,0xf800,0xf800,
0xf800,0xf800,0xf800,0xf800,0xf800,0xf800,0xf800,0xf800,0xf800,0xf800,
0xf800,0xf800,0xf800,0xf800,0xf800,0xf800,0xf800,0xf800,0x055f,0x055f,
0x055f,0x055f,0x055f,0x055f,0x055f,0x055f,0x055f,0x055f,0x055f,0x055f,
0x055f,0x055f,0x055f,0x055f,0xf800,0xf800,0xf800,0xf800,0xf800,0xf800,
0xf800,0xf800,0xf800,0xf800,0xf800,0xf800,0xf800,0xf800,0xf800,0xf800,
0xf800,0xf800,0xf800,0xf800,0xf800,0xf800,0xf800,0xf800,0xf800,0xf800,
0xf800,0xf800,0xf800,0xf800,0xf800,0xf800,0xf800,0xf800,0xf800,0xffff,
0xffff,0xffff,0xffff,0xffff,0xffff,0xffff,0xffff,0xffff,0xf800,0xf800,
0xf800,0xf800,0xf800,0xf800,0xf800,0xf800,0xf800,0xf800,0xf800,0xf800,
0xf800,0xf800,0xf800,0xf800,0xf800,0xf800,0xf800,0xf800,0xf800,0xf800,
0xf800,0xf800,0xf800,0xf800,0xf800,0xf800,0xf800,0xf800,0x055f,0x055f,
0x055f,0x055f,0x055f,0xffff,0xffff,0xffff,0xffff,0xffff,0xffff,0xffff,
0xffff,0xffff,0x055f,0xf800,0xf800,0xf800,0xf800,0xf800,0xf800,0xf800,
0xf800,0xf800,0xf800,0xf800,0xf800,0xf800,0xf800,0xf800,0xf800,0xf800,
0xf800,0xf800,0xf800,0xf800,0xf800,0xf800,0xf800,0x055f,0x055f,0x055f,
0x055f,0x055f,0x055f,0x055f,0x055f,0x055f,0x055f,0x055f,0x055f,0x055f,
0x055f,0x055f,0xf800,0xf800,0xf800,0xf800,0xf800,0xf800,0xf800,0xf800,
0xf800,0xf800,0xf800,0xf800,0xf800,0xf800,0xf800,0xf800,0xf800,0xf800,
0xf800,0xf800,0xf800,0xf800,0xf800,0xf800,0xf800,0xf800,0xf800,0xf800,
0xf800,0xf800,0xf800,0xf800,0xf800,0xf800,0xf800,0xffff,0xffff,0xffff,
0xffff,0xffff,0xffff,0xffff,0xffff,0xffff,0xf800,0xf800,0xf800,0xf800,
0xf800,0xf800,0xf800,0xf800,0xf800,0xf800,0xf800,0xf800,0xf800,0xf800,
0xf800,0xf800,0xf800,0xf800,0xf800,0xf800,0xf800,0xf800,0xf800,0xf800,
0xf800,0xf800,0xf800,0xf800,0xf800,0x055f,0x055f,0x055f,0x055f,0x055f,
0x055f,0xffff,0xffff,0xffff,0xffff,0xffff,0xffff,0xffff,0xffff,0xffff,
0xf800,0xf800,0xf800,0xf800,0xf800,0xf800,0xf800,0xf800,0xf800,0xf800,
0xf800,0xf800,0xf800,0xf800,0xf800,0xf800,0xf800,0xf800,0xf800,0xf800,
0xf800,0xf800,0xf800,0xf800,0xf800,0x055f,0x055f,0x055f,0x055f,0x055f,
0x055f,0x055f,0x055f,0x055f,0x055f,0x055f,0x055f,0x055f,0x055f,0x055f,
0xf800,0xf800,0xf800,0xf800,0xf800,0xf800,0xf800,0xf800,0xf800,0xf800,
0xf800,0xf800,0xf800,0xf800,0xf800,0xf800,0xf800,0xf800,0xf800,0xf800,
0xf800,0xf800,0xf800,0xf800,0xf800,0xf800,0xf800,0xf800,0xf800,0xf800,
0xf800,0xf800,0xf800,0xf800,0xf800,0xffff,0xffff,0xffff,0xffff,0xffff,
0xffff,0xffff,0xffff,0xffff,0xf800,0xf800,0xf800,0xf800,0xf800,0xf800,
0xf800,0xf800,0xf800,0xf800,0xf800,0xf800,0xf800,0xf800,0xf800,0xf800,
0xf800,0xf800,0xf800,0xf800,0xf800,0xf800,0xf800,0xf800,0xf800,0xf800,
0xf800,0xf800,0xf800,0x055f,0x055f,0x055f,0x055f,0x055f,0x055f,0xffff,
0xffff,0xffff,0xffff,0xffff,0xffff,0xffff,0xffff,0xffff,0xf800,0xf800,
0xf800,0xf800,0xf800,0xf800,0xf800,0xf800,0xf800,0xf800,0xf800,0xf800,
0xf800,0xf800,0xf800,0xf800,0xf800,0xf800,0xf800,0xf800,0xf800,0xf800,
0xf800,0xf800,0xf800,0x055f,0x055f,0x055f,0x055f,0x055f,0x055f,0x055f,
0x055f,0x055f,0x055f,0x055f,0x055f,0x055f,0x055f,0x055f,0x055f,0xf800,
0xf800,0xf800,0xf800,0xf800,0xf800,0xf800,0xf800,0xf800,0xf800,0xf800,
0xf800,0xf800,0xf800,0xf800,0xf800,0xf800,0xf800,0xf800,0xf800,0xf800,
0xf800,0xf800,0xf800,0xf800,0xf800,0xf800,0xf800,0xf800,0xf800,0xf800,
0xf800,0xf800,0xf800,0xffff,0xffff,0xffff,0xffff,0xffff,0xffff,0xffff,
0xffff,0xffff,0xf800,0xf800,0xf800,0xf800,0xf800,0xf800,0xf800,0xf800,
0xf800,0xf800,0xf800,0xf800,0xf800,0xf800,0xf800,0xf800,0xf800,0xf800,
0xf800,0xf800,0xf800,0xf800,0xf800,0xf800,0xf800,0xf800,0xf800,0xf800,
0x055f,0x055f,0x055f,0x055f,0x055f,0x055f,0x055f,0xffff,0xffff,0xffff,
0xffff,0xffff,0xffff,0xffff,0xffff,0xffff,0xf800,0xf800,0xf800,0xf800,
0xf800,0xf800,0xf800,0xf800,0xf800,0xf800,0xf800,0xf800,0xf800,0xf800,
0xf800,0xf800,0xf800,0xf800,0xf800,0xf800,0xf800,0xf800,0xf800,0xf800,
0xf800,0xf800,0x055f,0x055f,0x055f,0x055f,0x055f,0x055f,0x055f,0x055f,
0x055f,0x055f,0x055f,0x055f,0x055f,0x055f,0x055f,0xf800,0xf800,0xf800,
0xf800,0xf800,0xf800,0xf800,0xf800,0xf800,0xf800,0xf800,0xf800,0xf800,
0xf800,0xf800,0xf800,0xf800,0xf800,0xf800,0xf800,0xf800,0xf800,0xf800,
0xf800,0xf800,0xf800,0xf800,0xf800,0xf800,0xf800,0xf800,0xf800,0xf800,
0xf800,0xffff,0xffff,0xffff,0xffff,0xffff,0xffff,0xffff,0xffff,0xffff,
0xf800,0xf800,0xf800,0xf800,0xf800,0xf800,0xf800,0xf800,0xf800,0xf800,
0xf800,0xf800,0xf800,0xf800,0xf800,0xf800,0xf800,0xf800,0xf800,0xf800,
0xf800,0xf800,0xf800,0xf800,0xf800,0xf800,0xf800,0xf800,0x055f,0x055f,
0x055f,0x055f,0x055f,0x055f,0x055f,0xffff,0xffff,0xffff,0xffff,0xffff,
0xffff,0xffff,0xffff,0xf800,0xf800,0xf800,0xf800,0xf800,0xf800,0xf800,
0xf800,0xf800,0xf800,0xf800,0xf800,0xf800,0xf800,0xf800,0xf800,0xf800,
0xf800,0xf800,0xf800,0xf800,0xf800,0xf800,0xf800,0xf800,0xf800,0xf800,
0x055f,0x055f,0x055f,0x055f,0x055f,0x055f,0x055f,0x055f,0x055f,0x055f,
0x055f,0x055f,0x055f,0x055f,0x055f,0x055f,0xf800,0xf800,0xf800,0xf800,
0xf800,0xf800,0xf800,0xf800,0xf800,0xf800,0xf800,0xf800,0xf800,0xf800,
0xf800,0xf800,0xf800,0xf800,0xf800,0xf800,0xf800,0xf800,0xf800,0xf800,
0xf800,0xf800,0xf800,0xf800,0xf800,0xf800,0xf800,0xf800,0xf800,0xffff,
0xffff,0xffff,0xffff,0xffff,0xffff,0xffff,0xffff,0xffff,0xf800,0xf800,
0xf800,0xf800,0xf800,0xf800,0xf800,0xf800,0xf800,0xf800,0xf800,0xf800,
0xf800,0xf800,0xf800,0xf800,0xf800,0xf800,0xf800,0xf800,0xf800,0xf800,
0xf800,0xf800,0xf800,0xf800,0xf800,0xf800,0x055f,0x055f,0x055f,0x055f,
0x055f,0x055f,0xffff,0xffff,0xffff,0xffff,0xffff,0xffff,0xffff,0xffff,
0xffff,0xf800,0xf800,0xf800,0xf800,0xf800,0xf800,0xf800,0xf800,0xf800,
0xf800,0xf800,0xf800,0xf800,0xf800,0xf800,0xf800,0xf800,0xf800,0xf800,
0xf800,0xf800,0xf800,0xf800,0xf800,0xf800,0xf800,0xf800,0xf800,0x055f,
0x055f,0x055f,0x055f,0x055f,0x055f,0x055f,0x055f,0x055f,0x055f,0x055f,
0x055f,0x055f,0x055f,0x055f,0xf800,0xf800,0xf800,0xf800,0xf800,0xf800,
0xf800,0xf800,0xf800,0xf800,0xf800,0xf800,0xf800,0xf800,0xf800,0xf800,
0xf800,0xf800,0xf800,0xf800,0xf800,0xf800,0xf800,0xf800,0xf800,0xf800,
0xf800,0xf800,0xf800,0xf800,0xf800,0xf800,0xf800,0xffff,0xffff,0xffff,
0xffff,0xffff,0xffff,0xffff,0xffff,0xffff,0xf800,0xf800,0xf800,0xf800,
0xf800,0xf800,0xf800,0xf800,0xf800,0xf800,0xf800,0xf800,0xf800,0xf800,
0xf800,0xf800,0xf800,0xf800,0xf800,0xf800,0xf800,0xf800,0xf800,0xf800,
0xf800,0xf800,0xf800,0x055f,0x055f,0x055f,0x055f,0x055f,0x055f,0x055f,
0xffff,0xffff,0xffff,0xffff,0xffff,0xffff,0xffff,0xffff,0xffff,0xf800,
0xf800,0xf800,0xf800,0xf800,0xf800,0xf800,0xf800,0xf800,0xf800,0xf800,
0xf800,0xf800,0xf800,0xf800,0xf800,0xf800,0xf800,0xf800,0xf800,0xf800,
0xf800,0xf800,0xf800,0xf800,0xf800,0xf800,0xf800,0x055f,0x055f,0x055f,
0x055f,0x055f,0x055f,0x055f,0x055f,0x055f,0x055f,0x055f,0x055f,0x055f,
0x055f,0x055f,0xf800,0xf800,0xf800,0xf800,0xf800,0xf800,0xf800,0xf800,
0xf800,0xf800,0xf800,0xf800,0xf800,0xf800,0xf800,0xf800,0xf800,0xf800,
0xf800,0xf800,0xf800,0xf800,0xf800,0xf800,0xf800,0xf800,0xf800,0xf800,
0xf800,0xf800,0xf800,0xf800,0xf800,0xffff,0xffff,0xffff,0xffff,0xffff,
0xffff,0xffff,0xffff,0xffff,0xf800,0xf800,0xf800,0xf800,0xf800,0xf800,
0xf800,0xf800,0xf800,0xf800,0xf800,0xf800,0xf800,0xf800,0xf800,0xf800,
0xf800,0xf800,0xf800,0xf800,0xf800,0xf800,0xf800,0xf800,0xf800,0xf800,
0xf800,0x055f,0x055f,0x055f,0x055f,0x055f,0x055f,0xffff,0xffff,0xffff,
0xffff,0xffff,0xffff,0xffff,0xffff,0xffff,0xf800,0xf800,0xf800,0xf800,
0xf800,0xf800,0xf800,0xf800,0xf800,0xf800,0xf800,0xf800,0xf800,0xf800,
0xf800,0xf800,0xf800,0xf800,0xf800,0xf800,0xf800,0xf800,0xf800,0xf800,
0xf800,0xf800,0xf800,0xf800,0xf800,0x055f,0x055f,0x055f,0x055f,0x055f,
0x055f,0x055f,0x055f,0x055f,0x055f,0x055f,0x055f,0x055f,0x055f,0x055f,
0x055f,0xf800,0xf800,0xf800,0xf800,0xf800,0xf800,0xf800,0xf800,0xf800,
0xf800,0xf800,0xf800,0xf800,0xf800,0xf800,0xf800,0xf800,0xf800,0xf800,
0xf800,0xf800,0xf800,0xf800,0xf800,0xf800,0xf800,0xf800,0xf800,0xf800,
0xf800,0xf800,0xf800,0xffff,0xffff,0xffff,0xffff,0xffff,0xffff,0xffff,
0xffff,0xffff,0xf800,0xf800,0xf800,0xf800,0xf800,0xf800,0xf800,0xf800,
0xf800,0xf800,0xf800,0xf800,0xf800,0xf800,0xf800,0xf800,0xf800,0xf800,
0xf800,0xf800,0xf800,0xf800,0xf800,0xf800,0xf800,0xf800,0x055f,0x055f,
0x055f,0x055f,0x055f,0xffff,0xffff,0xffff,0xffff,0xffff,0xffff,0xffff,
0xffff,0xffff,0xffff,0xffff,0xf800,0xf800,0xf800,0xf800,0xf800,0xf800,
0xf800,0xf800,0xf800,0xf800,0xf800,0xf800,0xf800,0xf800,0xf800,0xf800,
0xf800,0xf800,0xf800,0xf800,0xf800,0xf800,0xf800,0xf800,0xf800,0xf800,
0xf800,0xf800,0xf800,0xf800,0x055f,0x055f,0x055f,0x055f,0x055f,0x055f,
0x055f,0x055f,0x055f,0x055f,0x055f,0x055f,0x055f,0x055f,0x055f,0xf800,
0xf800,0xf800,0xf800,0xf800,0xf800,0xf800,0xf800,0xf800,0xf800,0xf800,
0xf800,0xf800,0xf800,0xf800,0xf800,0xf800,0xf800,0xf800,0xf800,0xf800,
0xf800,0xf800,0xf800,0xf800,0xf800,0xf800,0xf800,0xf800,0xf800,0xf800,
0xf800,0xffff,0xffff,0xffff,0xffff,0xffff,0xffff,0xffff,0xffff,0xffff,
0xf800,0xf800,0xf800,0xf800,0xf800,0xf800,0xf800,0xf800,0xf800,0xf800,
0xf800,0xf800,0xf800,0xf800,0xf800,0xf800,0xf800,0xf800,0xf800,0xf800,
0xf800,0xf800,0xf800,0xf800,0xf800,0xf800,0x055f,0x055f,0x055f,0x055f,
0xffff,0xffff,0xffff,0xffff,0xffff,0xffff,0xffff,0xffff,0xffff,0xffff,
0xffff,0xf800,0xf800,0xf800,0xf800,0xf800,0xf800,0xf800,0xf800,0xf800,
0xf800,0xf800,0xf800,0xf800,0xf800,0xf800,0xf800,0xf800,0xf800,0xf800,
0xf800,0xf800,0xf800,0xf800,0xf800,0xf800,0xf800,0xf800,0xf800,0xf800,
0xf800,0xf800,0x055f,0x055f,0x055f,0x055f,0x055f,0x055f,0x055f,0x055f,
0x055f,0x055f,0x055f,0x055f,0x055f,0x055f,0x055f,0x055f,0xf800,0xf800,
0xf800,0xf800,0xf800,0xf800,0xf800,0xf800,0xf800,0xf800,0xf800,0xf800,
0xf800,0xf800,0xf800,0xf800,0xf800,0xf800,0xf800,0xf800,0xf800,0xf800,
0xf800,0xf800,0xf800,0xf800,0xf800,0xf800,0xf800,0xf800,0xf800,0xffff,
0xffff,0xffff,0xffff,0xffff,0xffff,0xffff,0xffff,0xffff,0xf800,0xf800,
0xf800,0xf800,0xf800,0xf800,0xf800,0xf800,0xf800,0xf800,0xf800,0xf800,
0xf800,0xf800,0xf800,0xf800,0xf800,0xf800,0xf800,0xf800,0xf800,0xf800,
0xf800,0xf800,0xf800,0xf800,0xffff,0xffff,0xffff,0xffff,0xffff,0xffff,
0xffff,0xffff,0xffff,0xffff,0xffff,0xffff,0xffff,0xffff,0xffff,0xf800,
0xf800,0xf800,0xf800,0xf800,0xf800,0xf800,0xf800,0xf800,0xf800,0xf800,
0xf800,0xf800,0xf800,0xf800,0xf800,0xf800,0xf800,0xf800,0xf800,0xf800,
0xf800,0xf800,0xf800,0xf800,0xf800,0xf800,0xf800,0xf800,0xf800,0xf800,
0xf800,0x055f,0x055f,0x055f,0x055f,0x055f,0x055f,0x055f,0x055f,0x055f,
0x055f,0x055f,0x055f,0x055f,0x055f,0x055f,0xf800,0xf800,0xf800,0xf800,
0xf800,0xf800,0xf800,0xf800,0xf800,0xf800,0xf800,0xf800,0xf800,0xf800,
0xf800,0xf800,0xf800,0xf800,0xf800,0xf800,0xf800,0xf800,0xf800,0xf800,
0xf800,0xf800,0xf800,0xf800,0xf800,0xf800,0xf800,0xffff,0xffff,0xffff,
0xffff,0xffff,0xffff,0xffff,0xffff,0xffff,0xffff,0xffff,0xffff,0xffff,
0xffff,0xffff,0xffff,0xffff,0xffff,0xffff,0xffff,0xffff,0xffff,0xffff,
0xffff,0xffff,0xffff,0xffff,0xffff,0xffff,0xffff,0xffff,0xffff,0xffff,
0xffff,0xffff,0xffff,0xffff,0xffff,0xffff,0xffff,0xffff,0xffff,0xffff,
0xffff,0xffff,0xffff,0xffff,0xffff,0xffff,0xf800,0xf800,0xf800,0xf800,
0xf800,0xf800,0xf800,0xf800,0xf800,0xf800,0xf800,0xf800,0xf800,0xf800,
0xf800,0xf800,0xf800,0xf800,0xf800,0xf800,0xf800,0xf800,0xf800,0xf800,
0xf800,0xf800,0xf800,0xf800,0xf800,0xf800,0xf800,0xf800,0xf800,0x055f,
0x055f,0x055f,0x055f,0x055f,0x055f,0x055f,0x055f,0x055f,0x055f,0x055f,
0x055f,0x055f,0x055f,0x055f,0xf800,0xf800,0xf800,0xf800,0xf800,0xf800,
0xf800,0xf800,0xf800,0xf800,0xf800,0xf800,0xf800,0xf800,0xf800,0xf800,
0xf800,0xf800,0xf800,0xf800,0xf800,0xf800,0xf800,0xf800,0xf800,0xf800,
0xf800,0xf800,0xf800,0xf800,0xf800,0xffff,0xffff,0xffff,0xffff,0xffff,
0xffff,0xffff,0xffff,0xffff,0xffff,0xffff,0xffff,0xffff,0xffff,0xffff,
0xffff,0xffff,0xffff,0xffff,0xffff,0xffff,0xffff,0xffff,0xffff,0xffff,
0xffff,0xffff,0xffff,0xffff,0xffff,0xffff,0xffff,0xffff,0xffff,0xffff,
0xffff,0xffff,0xffff,0xffff,0xffff,0xffff,0xffff,0xffff,0xffff,0xffff,
0xffff,0xffff,0xffff,0x055f,0xf800,0xf800,0xf800,0xf800,0xf800,0xf800,
0xf800,0xf800,0xf800,0xf800,0xf800,0xf800,0xf800,0xf800,0xf800,0xf800,
0xf800,0xf800,0xf800,0xf800,0xf800,0xf800,0xf800,0xf800,0xf800,0xf800,
0xf800,0xf800,0xf800,0xf800,0xf800,0xf800,0xf800,0xf800,0x055f,0x055f,
0x055f,0x055f,0x055f,0x055f,0x055f,0x055f,0x055f,0x055f,0x055f,0x055f,
0x055f,0x055f,0x055f,0xf800,0xf800,0xf800,0xf800,0xf800,0xf800,0xf800,
0xf800,0xf800,0xf800,0xf800,0xf800,0xf800,0xf800,0xf800,0xf800,0xf800,
0xf800,0xf800,0xf800,0xf800,0xf800,0xf800,0xf800,0xf800,0xf800,0xf800,
0xf800,0xf800,0xf800,0xf800,0xffff,0xffff,0xffff,0xffff,0xffff,0xffff,
0xffff,0xffff,0xffff,0xffff,0xffff,0xffff,0xffff,0xffff,0xffff,0xffff,
0xffff,0xffff,0xffff,0xffff,0xffff,0xffff,0xffff,0xffff,0xffff,0xffff,
0xffff,0xffff,0xffff,0xffff,0xffff,0xffff,0xffff,0xffff,0xffff,0xffff,
0xffff,0xffff,0xffff,0xffff,0xffff,0xffff,0xffff,0xffff,0xffff,0x055f,
0x055f,0x055f,0xf800,0xf800,0xf800,0xf800,0xf800,0xf800,0xf800,0xf800,
0xf800,0xf800,0xf800,0xf800,0xf800,0xf800,0xf800,0xf800,0xf800,0xf800,
0xf800,0xf800,0xf800,0xf800,0xf800,0xf800,0xf800,0xf800,0xf800,0xf800,
0xf800,0xf800,0xf800,0xf800,0xf800,0xf800,0x055f,0x055f,0x055f,0x055f,
0x055f,0x055f,0x055f,0x055f,0x055f,0x055f,0x055f,0x055f,0x055f,0x055f,
0x055f,0xf800,0xf800,0xf800,0xf800,0xf800,0xf800,0xf800,0xf800,0xf800,
0xf800,0xf800,0xf800,0xf800,0xf800,0xf800,0xf800,0xf800,0xf800,0xf800,
0xf800,0xf800,0xf800,0xf800,0xf800,0xf800,0xf800,0xf800,0xf800,0xf800,
0xf800,0xf800,0xffff,0xffff,0xffff,0xffff,0xffff,0xffff,0xffff,0xffff,
0xffff,0xffff,0xffff,0xffff,0xffff,0xffff,0xffff,0xffff,0xffff,0xffff,
0xffff,0xffff,0xffff,0xffff,0xffff,0xffff,0xffff,0xffff,0xffff,0xffff,
0xffff,0xffff,0xffff,0xffff,0xffff,0xffff,0xffff,0xffff,0xffff,0xffff,
0xffff,0xffff,0xffff,0xffff,0xffff,0xffff,0x055f,0x055f,0x055f,0xf800,
0xf800,0xf800,0xf800,0xf800,0xf800,0xf800,0xf800,0xf800,0xf800,0xf800,
0xf800,0xf800,0xf800,0xf800,0xf800,0xf800,0xf800,0xf800,0xf800,0xf800,
0xf800,0xf800,0xf800,0xf800,0xf800,0xf800,0xf800,0xf800,0xf800,0xf800,
0xf800,0xf800,0xf800,0xf800,0x055f,0x055f,0x055f,0x055f,0x055f,0x055f,
0x055f,0x055f,0x055f,0x055f,0x055f,0x055f,0x055f,0x055f,0x055f,0x055f,
0xf800,0xf800,0xf800,0xf800,0xf800,0xf800,0xf800,0xf800,0xf800,0xf800,
0xf800,0xf800,0xf800,0xf800,0xf800,0xf800,0xf800,0xf800,0xf800,0xf800,
0xf800,0xf800,0xf800,0xf800,0xf800,0xf800,0xf800,0xf800,0xf800,0xf800,
0xf800,0xffff,0xffff,0xffff,0xffff,0xffff,0xffff,0xffff,0xffff,0xffff,
0xffff,0xffff,0xffff,0xffff,0xffff,0xffff,0xffff,0xffff,0xffff,0xffff,
0xffff,0xffff,0xffff,0xffff,0xffff,0xffff,0xffff,0xffff,0xffff,0xffff,
0xffff,0xffff,0xffff,0xffff,0xffff,0xffff,0xffff,0xffff,0xffff,0xffff,
0xffff,0xffff,0x055f,0x055f,0x055f,0x055f,0x055f,0xf800,0xf800,0xf800,
0xf800,0xf800,0xf800,0xf800,0xf800,0xf800,0xf800,0xf800,0xf800,0xf800,
0xf800,0xf800,0xf800,0xf800,0xf800,0xf800,0xf800,0xf800,0xf800,0xf800,
0xf800,0xf800,0xf800,0xf800,0xf800,0xf800,0xf800,0xf800,0xf800,0xf800,
0xf800,0xf800,0xf800,0x055f,0x055f,0x055f,0x055f,0x055f,0x055f,0x055f,
0x055f,0x055f,0x055f,0x055f,0x055f,0x055f,0x055f,0x055f,0xf800,0xf800,
0xf800,0xf800,0xf800,0xf800,0xf800,0xf800,0xf800,0xf800,0xf800,0xf800,
0xf800,0xf800,0xf800,0xf800,0xf800,0xf800,0xf800,0xf800,0xf800,0xf800,
0xf800,0xf800,0xf800,0xf800,0xf800,0xf800,0xf800,0xf800,0xf800,0xf800,
0xffff,0xffff,0xffff,0xffff,0xffff,0xffff,0xffff,0xffff,0xffff,0xffff,
0xffff,0xffff,0xffff,0xffff,0xffff,0xffff,0xffff,0xffff,0xffff,0xffff,
0xffff,0xffff,0xffff,0xffff,0xffff,0xffff,0xffff,0xffff,0xffff,0xffff,
0xffff,0xffff,0xffff,0xffff,0xffff,0xffff,0xffff,0x055f,0x055f,0x055f,
0x055f,0x055f,0x055f,0x055f,0xf800,0xf800,0xf800,0xf800,0xf800,0xf800,
0xf800,0xf800,0xf800,0xf800,0xf800,0xf800,0xf800,0xf800,0xf800,0xf800,
0xf800,0xf800,0xf800,0xf800,0xf800,0xf800,0xf800,0xf800,0xf800,0xf800,
0xf800,0xf800,0xf800,0xf800,0xf800,0xf800,0xf800,0xf800,0xf800,0xf800,
0xf800,0x055f,0x055f,0x055f,0x055f,0x055f,0x055f,0x055f,0x055f,0x055f,
0x055f,0x055f,0x055f,0x055f,0x055f,0x055f,0xf800,0xf800,0xf800,0xf800,
0xf800,0xf800,0xf800,0xf800,0xf800,0xf800,0xf800,0xf800,0xf800,0xf800,
0xf800,0xf800,0xf800,0xf800,0xf800,0xf800,0xf800,0xf800,0xf800,0xf800,
0xf800,0xf800,0xf800,0xf800,0xf800,0xf800,0xf800,0xf800,0xf800,0xf800,
0xf800,0xffff,0xffff,0xffff,0xffff,0xffff,0xffff,0xffff,0xffff,0xffff,
0xffff,0xffff,0xffff,0xffff,0xffff,0xffff,0xffff,0xffff,0xffff,0xffff,
0xffff,0xffff,0xffff,0xffff,0xffff,0xffff,0xffff,0xffff,0xffff,0xffff,
0x055f,0x055f,0x055f,0x055f,0x055f,0x055f,0x055f,0x055f,0x055f,0x055f,
0x055f,0x055f,0xf800,0xf800,0xf800,0xf800,0xf800,0xf800,0xf800,0xf800,
0xf800,0xf800,0xf800,0xf800,0xf800,0xf800,0xf800,0xf800,0xf800,0xf800,
0xf800,0xf800,0xf800,0xf800,0xf800,0xf800,0xf800,0xf800,0xf800,0xf800,
0xf800,0xf800,0xf800,0xf800,0xf800,0xf800,0xf800,0xf800,0xf800,0xf800,
0x055f,0x055f,0x055f,0x055f,0x055f,0x055f,0x055f,0x055f,0x055f,0x055f,
0x055f,0x055f,0x055f,0x055f,0x055f,0xf800,0xf800,0xf800,0xf800,0xf800,
0xf800,0xf800,0xf800,0xf800,0xf800,0xf800,0xf800,0xf800,0xf800,0xf800,
0xf800,0xf800,0xf800,0xf800,0xf800,0xf800,0xf800,0xf800,0xf800,0xf800,
0xf800,0xf800,0xf800,0xf800,0xf800,0xf800,0xf800,0xf800,0xf800,0xf800,
0xf800,0xf800,0xf800,0xf800,0xf800,0xf800,0xf800,0xf800,0xf800,0xf800,
0xf800,0xf800,0xf800,0xf800,0xf800,0xf800,0xf800,0xf800,0xf800,0xf800,
0xf800,0xf800,0xf800,0xf800,0x055f,0x055f,0x055f,0x055f,0x055f,0x055f,
0x055f,0x055f,0x055f,0x055f,0x055f,0x055f,0x055f,0x055f,0x055f,0xf800,
0xf800,0xf800,0xf800,0xf800,0xf800,0xf800,0xf800,0xf800,0xf800,0xf800,
0xf800,0xf800,0xf800,0xf800,0xf800,0xf800,0xf800,0xf800,0xf800,0xf800,
0xf800,0xf800,0xf800,0xf800,0xf800,0xf800,0xf800,0xf800,0xf800,0xf800,
0xf800,0xf800,0xf800,0xf800,0xf800,0xf800,0xf800,0xf800,0x055f,0x055f,
0x055f,0x055f,0x055f,0x055f,0x055f,0x055f,0x055f,0x055f,0x055f,0x055f,
0x055f,0x055f,0x055f,0xf800,0xf800,0xf800,0xf800,0xf800,0xf800,0xf800,
0xf800,0xf800,0xf800,0xf800,0xf800,0xf800,0xf800,0xf800,0xf800,0xf800,
0xf800,0xf800,0xf800,0xf800,0xf800,0xf800,0xf800,0xf800,0xf800,0xf800,
0xf800,0xf800,0xf800,0xf800,0xf800,0xf800,0xf800,0xf800,0xf800,0xf800,
0xf800,0xf800,0xf800,0xf800,0xf800,0xf800,0xf800,0xf800,0xf800,0xf800,
0xf800,0xf800,0xf800,0xf800,0xf800,0xf800,0xf800,0xf800,0xf800,0xf800,
0xf800,0xf800,0x055f,0x055f,0x055f,0x055f,0x055f,0x055f,0x055f,0x055f,
0x055f,0x055f,0x055f,0x055f,0x055f,0x055f,0x055f,0xf800,0xf800,0xf800,
0xf800,0xf800,0xf800,0xf800,0xf800,0xf800,0xf800,0xf800,0xf800,0xf800,
0xf800,0xf800,0xf800,0xf800,0xf800,0xf800,0xf800,0xf800,0xf800,0xf800,
0xf800,0xf800,0xf800,0xf800,0xf800,0xf800,0xf800,0xf800,0xf800,0xf800,
0xf800,0xf800,0xf800,0xf800,0xf800,0xf800,0xf800,0x055f,0x055f,0x055f,
0x055f,0x055f,0x055f,0x055f,0x055f,0x055f,0x055f,0x055f,0x055f,0x055f,
0x055f,0x055f,0xf800,0xf800,0xf800,0xf800,0xf800,0xf800,0xf800,0xf800,
0xf800,0xf800,0xf800,0xf800,0xf800,0xf800,0xf800,0xf800,0xf800,0xf800,
0xf800,0xf800,0xf800,0xf800,0xf800,0xf800,0xf800,0xf800,0xf800,0xf800,
0xf800,0xf800,0xf800,0xf800,0xf800,0xf800,0xf800,0xf800,0xf800,0xf800,
0xf800,0xf800,0xf800,0xf800,0xf800,0xf800,0xf800,0xf800,0xf800,0xf800,
0xf800,0xf800,0xf800,0xf800,0xf800,0xf800,0xf800,0xf800,0xf800,0xf800,
0x055f,0x055f,0x055f,0x055f,0x055f,0x055f,0x055f,0x055f,0x055f,0x055f,
0x055f,0x055f,0x055f,0x055f,0x055f,0xf800,0xf800,0xf800,0xf800,0xf800,
0xf800,0xf800,0xf800,0xf800,0xf800,0xf800,0xf800,0xf800,0xf800,0xf800,
0xf800,0xf800,0xf800,0xf800,0xf800,0xf800,0xf800,0xf800,0xf800,0xf800,
0xf800,0xf800,0xf800,0xf800,0xf800,0xf800,0xf800,0xf800,0xf800,0xf800,
0xffff,0xffff,0xffff,0xffff,0xffff,0xffff,0xffff,0xffff,0xffff,0xffff,
0xffff,0xffff,0x055f,0x055f,0x055f,0x055f,0x055f,0x055f,0x055f,0x055f,
0xf800,0xf800,0xf800,0xf800,0xf800,0xf800,0xf800,0xf800,0xf800,0xf800,
0xf800,0xf800,0xf800,0xf800,0xf800,0xf800,0xf800,0xf800,0xf800,0xf800,
0xf800,0xf800,0xf800,0xf800,0xf800,0xf800,0xf800,0xf800,0xf800,0xf800,
0xf800,0xf800,0xf800,0xf800,0xf800,0xf800,0xf800,0xf800,0xf800,0xf800,
0xf800,0xf800,0xf800,0xf800,0xf800,0xf800,0xf800,0xf800,0xf800,0xf800,
0xf800,0xf800,0xf800,0xf800,0xf800,0xf800,0xf800,0x055f,0x055f,0x055f,
0x055f,0x055f,0x055f,0x055f,0x055f,0x055f,0x055f,0x055f,0x055f,0x055f,
0x055f,0x055f,0xf800,0xf800,0xf800,0xf800,0xf800,0xf800,0xf800,0xf800,
0xf800,0xf800,0xf800,0xf800,0xf800,0xf800,0xf800,0xf800,0xf800,0xf800,
0xf800,0xf800,0xf800,0xf800,0xf800,0xf800,0xf800,0xf800,0xf800,0xf800,
0xf800,0xf800,0xf800,0xf800,0xf800,0xffff,0xffff,0xffff,0xffff,0xffff,
0xffff,0xffff,0xffff,0xffff,0xffff,0xffff,0xffff,0xffff,0xffff,0xffff,
0xffff,0xffff,0xffff,0x055f,0x055f,0x055f,0x055f,0x055f,0xf800,0xf800,
0xf800,0xf800,0xf800,0xf800,0xf800,0xf800,0xf800,0xf800,0xf800,0xf800,
0xf800,0xf800,0xf800,0xf800,0xf800,0xf800,0xf800,0xf800,0xf800,0xf800,
0xf800,0xf800,0xf800,0xf800,0xf800,0xf800,0xf800,0xf800,0xf800,0xf800,
0xf800,0xf800,0xf800,0xf800,0xf800,0xf800,0xf800,0xf800,0xf800,0xf800,
0xf800,0xf800,0xf800,0xf800,0xf800,0xf800,0xf800,0xf800,0xf800,0xf800,
0xf800,0xf800,0xf800,0xf800,0xf800,0x055f,0x055f,0x055f,0x055f,0x055f,
0x055f,0x055f,0x055f,0x055f,0x055f,0x055f,0x055f,0x055f,0x055f,0x055f,
0xf800,0xf800,0xf800,0xf800,0xf800,0xf800,0xf800,0xf800,0xf800,0xf800,
0xf800,0xf800,0xf800,0xf800,0xf800,0xf800,0xf800,0xf800,0xf800,0xf800,
0xf800,0xf800,0xf800,0xf800,0xf800,0xf800,0xf800,0xf800,0xf800,0xf800,
0xf800,0xffff,0xffff,0xffff,0xffff,0xffff,0xffff,0xffff,0xffff,0xffff,
0xffff,0xffff,0xffff,0xffff,0xffff,0xffff,0xffff,0xffff,0xffff,0xffff,
0xffff,0xffff,0xffff,0x055f,0x055f,0x055f,0x055f,0xf800,0xf800,0xf800,
0xf800,0xf800,0xf800,0xf800,0xf800,0xf800,0xf800,0xf800,0xf800,0xf800,
0xf800,0xf800,0xf800,0xf800,0xf800,0xf800,0xf800,0xf800,0xf800,0xf800,
0xf800,0xf800,0xf800,0xf800,0xf800,0xf800,0xf800,0xf800,0xf800,0xf800,
0xf800,0xf800,0xf800,0xf800,0xf800,0xf800,0xf800,0xf800,0xf800,0xf800,
0xf800,0xf800,0xf800,0xf800,0xf800,0xf800,0xf800,0xf800,0xf800,0xf800,
0xf800,0xf800,0x055f,0x055f,0x055f,0x055f,0x055f,0x055f,0x055f,0x055f,
0x055f,0x055f,0x055f,0x055f,0x055f,0x055f,0x055f,0xf800,0xf800,0xf800,
0xf800,0xf800,0xf800,0xf800,0xf800,0xf800,0xf800,0xf800,0xf800,0xf800,
0xf800,0xf800,0xf800,0xf800,0xf800,0xf800,0xf800,0xf800,0xf800,0xf800,
0xf800,0xf800,0xf800,0xf800,0xf800,0xf800,0xf800,0xf800,0xffff,0xffff,
0xffff,0xffff,0xffff,0xffff,0xffff,0xffff,0xffff,0xffff,0xffff,0xffff,
0xffff,0xffff,0xffff,0xffff,0xffff,0xffff,0xffff,0xffff,0xffff,0xffff,
0xffff,0xffff,0x055f,0x055f,0x055f,0xf800,0xf800,0xf800,0xf800,0xf800,
0xf800,0xf800,0xf800,0xf800,0xf800,0xf800,0xf800,0xf800,0xf800,0xf800,
0xf800,0xf800,0xf800,0xf800,0xf800,0xf800,0xf800,0xf800,0xf800,0xf800,
0xf800,0xf800,0xf800,0xf800,0xf800,0xf800,0xf800,0xf800,0xf800,0xf800,
0xf800,0xf800,0xf800,0xf800,0xf800,0xf800,0xf800,0xf800,0xf800,0xf800,
0xf800,0xf800,0xf800,0xf800,0xf800,0xf800,0xf800,0xf800,0xf800,0xf800,
0x055f,0x055f,0x055f,0x055f,0x055f,0x055f,0x055f,0x055f,0x055f,0x055f,
0x055f,0x055f,0x055f,0x055f,0x055f,0xf800,0xf800,0xf800,0xf800,0xf800,
0xf800,0xf800,0xf800,0xf800,0xf800,0xf800,0xf800,0xf800,0xf800,0xf800,
0xf800,0xf800,0xf800,0xf800,0xf800,0xf800,0xf800,0xf800,0xf800,0xf800,
0xf800,0xf800,0xf800,0xf800,0xffff,0xffff,0xffff,0xffff,0xffff,0xffff,
0xffff,0xffff,0xffff,0xffff,0xffff,0xffff,0xffff,0xffff,0xffff,0xffff,
0xffff,0xffff,0xffff,0xffff,0xffff,0xffff,0xffff,0xffff,0xffff,0xffff,
0xffff,0x055f,0x055f,0x055f,0xf800,0xf800,0xf800,0xf800,0xf800,0xf800,
0xf800,0xf800,0xf800,0xf800,0xf800,0xf800,0xf800,0xf800,0xf800,0xf800,
0xf800,0xf800,0xf800,0xf800,0xf800,0xf800,0xf800,0xf800,0xf800,0xf800,
0xf800,0xf800,0xf800,0xf800,0xf800,0xf800,0xf800,0xf800,0xf800,0xf800,
0xf800,0xf800,0xf800,0xf800,0xf800,0xf800,0xf800,0xf800,0xf800,0xf800,
0xf800,0xf800,0xf800,0xf800,0xf800,0xf800,0xf800,0x055f,0x055f,0x055f,
0x055f,0x055f,0x055f,0x055f,0x055f,0x055f,0x055f,0x055f,0x055f,0x055f,
0x055f,0x055f,0x055f,0xf800,0xf800,0xf800,0xf800,0xf800,0xf800,0xf800,
0xf800,0xf800,0xf800,0xf800,0xf800,0xf800,0xf800,0xf800,0xf800,0xf800,
0xf800,0xf800,0xf800,0xf800,0xf800,0xf800,0xf800,0xf800,0xf800,0xf800,
0xf800,0xffff,0xffff,0xffff,0xffff,0xffff,0xffff,0xffff,0xffff,0xffff,
0xffff,0xffff,0xffff,0xf800,0xf800,0xf800,0xf800,0x055f,0x055f,0xffff,
0xffff,0xffff,0xffff,0xffff,0xffff,0xffff,0xffff,0xffff,0xffff,0xffff,
0x055f,0x055f,0xf800,0xf800,0xf800,0xf800,0xf800,0xf800,0xf800,0xf800,
0xf800,0xf800,0xf800,0xf800,0xf800,0xf800,0xf800,0xf800,0xf800,0xf800,
0xf800,0xf800,0xf800,0xf800,0xf800,0xf800,0xf800,0xf800,0xf800,0xf800,
0xf800,0xf800,0xf800,0xf800,0xf800,0xf800,0xf800,0xf800,0xf800,0xf800,
0xf800,0xf800,0xf800,0xf800,0xf800,0xf800,0xf800,0xf800,0xf800,0xf800,
0xf800,0xf800,0xf800,0xf800,0xf800,0x055f,0x055f,0x055f,0x055f,0x055f,
0x055f,0x055f,0x055f,0x055f,0x055f,0x055f,0x055f,0x055f,0x055f,0x055f,
0x055f,0x055f,0x055f,0x055f,0x055f,0x055f,0x055f,0x055f,0x055f,0x055f,
0x055f,0x055f,0x055f,0x055f,0x055f,0x055f,0x055f,0x055f,0x055f,0x055f,
0x055f,0x055f,0x055f,0x055f,0x055f,0x055f,0x055f,0x055f,0xffff,0xffff,
0xffff,0xffff,0xffff,0xffff,0xffff,0xffff,0xffff,0xffff,0x055f,0x055f,
0x055f,0x055f,0x055f,0x055f,0x055f,0x055f,0x055f,0x055f,0x055f,0x055f,
0xffff,0xffff,0xffff,0xffff,0xffff,0xffff,0xffff,0xffff,0xffff,0x055f,
0xf800,0xf800,0xf800,0xf800,0xf800,0xf800,0xf800,0xf800,0xf800,0xf800,
0xf800,0xf800,0xf800,0xf800,0xf800,0xf800,0xf800,0xf800,0xf800,0xf800,
0xf800,0xf800,0xf800,0xf800,0xf800,0xf800,0xf800,0xf800,0xf800,0xf800,
0xf800,0xf800,0xf800,0xf800,0xf800,0xf800,0xf800,0xf800,0xf800,0xf800,
0xf800,0xf800,0xf800,0xf800,0xf800,0xf800,0xf800,0xf800,0xf800,0xf800,
0xf800,0xf800,0xf800,0x055f,0x055f,0x055f,0x055f,0x055f,0x055f,0x055f,
0x055f,0x055f,0x055f,0x055f,0x055f,0x055f,0x055f,0x055f,0x055f,0x055f,
0x055f,0x055f,0x055f,0x055f,0x055f,0x055f,0x055f,0x055f,0x055f,0x055f,
0x055f,0x055f,0x055f,0x055f,0x055f,0x055f,0x055f,0x055f,0x055f,0x055f,
0x055f,0x055f,0x055f,0x055f,0x055f,0xffff,0xffff,0xffff,0xffff,0xffff,
0xffff,0xffff,0xffff,0xffff,0x055f,0x055f,0x055f,0x055f,0x055f,0x055f,
0x055f,0x055f,0x055f,0x055f,0x055f,0x055f,0x055f,0x055f,0x055f,0x055f,
0xffff,0xffff,0xffff,0xffff,0xffff,0xffff,0xffff,0xffff,0x055f,0xf800,
0xf800,0xf800,0xf800,0xf800,0xf800,0xf800,0xf800,0xf800,0xf800,0xf800,
0xf800,0xf800,0xf800,0xf800,0xf800,0xf800,0xf800,0xf800,0xf800,0xf800,
0xf800,0xf800,0xf800,0xf800,0xf800,0xf800,0xf800,0xf800,0xf800,0xf800,
0xf800,0xf800,0xf800,0xf800,0xf800,0xf800,0xf800,0xf800,0xf800,0xf800,
0xf800,0xf800,0xf800,0xf800,0xf800,0xf800,0xf800,0xf800,0xf800,0xf800,
0x055f,0x055f,0x055f,0x055f,0x055f,0x055f,0x055f,0x055f,0x055f,0x055f,
0x055f,0x055f,0x055f,0x055f,0x055f,0x055f,0x055f,0x055f,0x055f,0x055f,
0x055f,0x055f,0x055f,0x055f,0x055f,0x055f,0x055f,0x055f,0x055f,0x055f,
0x055f,0x055f,0x055f,0x055f,0x055f,0x055f,0x055f,0x055f,0x055f,0x055f,
0x055f,0x055f,0x055f,0xffff,0xffff,0xffff,0xffff,0xffff,0xffff,0xffff,
0xffff,0x055f,0x055f,0x055f,0x055f,0x055f,0x055f,0x055f,0x055f,0x055f,
0x055f,0x055f,0x055f,0x055f,0x055f,0x055f,0x055f,0x055f,0x055f,0xffff,
0xffff,0xffff,0xffff,0xffff,0xffff,0xffff,0x055f,0xf800,0xf800,0xf800,
0xf800,0xf800,0xf800,0xf800,0xf800,0xf800,0xf800,0xf800,0xf800,0xf800,
0xf800,0xf800,0xf800,0xf800,0xf800,0xf800,0xf800,0xf800,0xf800,0xf800,
0xf800,0xf800,0xf800,0xf800,0xf800,0xf800,0xf800,0xf800,0xf800,0xf800,
0xf800,0xf800,0xf800,0xf800,0xf800,0xf800,0xf800,0xf800,0xf800,0xf800,
0xf800,0xf800,0xf800,0xf800,0xf800,0xf800,0xf800,0xf800,0x055f,0x055f,
0x055f,0x055f,0x055f,0x055f,0x055f,0x055f,0x055f,0x055f,0x055f,0x055f,
0x055f,0x055f,0x055f,0x055f,0x055f,0x055f,0x055f,0x055f,0x055f,0x055f,
0x055f,0x055f,0x055f,0x055f,0x055f,0x055f,0x055f,0x055f,0x055f,0x055f,
0x055f,0x055f,0x055f,0x055f,0x055f,0x055f,0x055f,0x055f,0x055f,0x055f,
0xffff,0xffff,0xffff,0xffff,0xffff,0xffff,0xffff,0xffff,0x055f,0x055f,
0x055f,0x055f,0x055f,0x055f,0x055f,0x055f,0x055f,0x055f,0x055f,0x055f,
0x055f,0x055f,0x055f,0x055f,0x055f,0x055f,0x055f,0xffff,0xffff,0xffff,
0xffff,0xffff,0xffff,0xffff,0xffff,0x055f,0xf800,0xf800,0xf800,0xf800,
0xf800,0xf800,0xf800,0xf800,0xf800,0xf800,0xf800,0xf800,0xf800,0xf800,
0xf800,0xf800,0xf800,0xf800,0xf800,0xf800,0xf800,0xf800,0xf800,0xf800,
0xf800,0xf800,0xf800,0xf800,0xf800,0xf800,0xf800,0xf800,0xf800,0xf800,
0xf800,0xf800,0xf800,0xf800,0xf800,0xf800,0xf800,0xf800,0xf800,0xf800,
0xf800,0xf800,0xf800,0xf800,0xf800,0x055f,0x055f,0x055f,0x055f,0x055f,
0x055f,0x055f,0x055f,0x055f,0x055f,0x055f,0x055f,0x055f,0x055f,0x055f,
0x055f,0x055f,0x055f,0x055f,0x055f,0x055f,0x055f,0x055f,0x055f,0x055f,
0x055f,0x055f,0x055f,0x055f,0x055f,0x055f,0x055f,0x055f,0x055f,0x055f,
0x055f,0x055f,0x055f,0x055f,0x055f,0x055f,0x055f,0x055f,0xffff,0xffff,
0xffff,0xffff,0xffff,0xffff,0xffff,0x055f,0x055f,0x055f,0x055f,0x055f,
0x055f,0x055f,0x055f,0x055f,0x055f,0x055f,0x055f,0x055f,0x055f,0x055f,
0x055f,0x055f,0x055f,0x055f,0x055f,0x055f,0xffff,0xffff,0xffff,0xffff,
0xffff,0xffff,0xffff,0x055f,0xf800,0xf800,0xf800,0xf800,0xf800,0xf800,
0xf800,0xf800,0xf800,0xf800,0xf800,0xf800,0xf800,0xf800,0xf800,0xf800,
0xf800,0xf800,0xf800,0xf800,0xf800,0xf800,0xf800,0xf800,0xf800,0xf800,
0xf800,0xf800,0xf800,0xf800,0xf800,0xf800,0xf800,0xf800,0xf800,0xf800,
0xf800,0xf800,0xf800,0xf800,0xf800,0xf800,0xf800,0xf800,0xf800,0xf800,
0xf800,0xf800,0xf800,0x055f,0x055f,0x055f,0x055f,0x055f,0x055f,0x055f,
0x055f,0x055f,0x055f,0x055f,0x055f,0x055f,0x055f,0x055f,0x055f,0x055f,
0x055f,0x055f,0x055f,0x055f,0x055f,0x055f,0x055f,0x055f,0x055f,0x055f,
0x055f,0x055f,0x055f,0x055f,0x055f,0x055f,0x055f,0x055f,0x055f,0x055f,
0x055f,0x055f,0x055f,0x055f,0x055f,0xffff,0xffff,0xffff,0xffff,0xffff,
0xffff,0xffff,0x055f,0x055f,0x055f,0x055f,0x055f,0x055f,0x055f,0x055f,
0x055f,0x055f,0x055f,0x055f,0x055f,0x055f,0x055f,0x055f,0x055f,0x055f,
0x055f,0x055f,0x055f,0x055f,0x055f,0xffff,0xffff,0xffff,0xffff,0xffff,
0xffff,0xffff,0xf800,0xf800,0xf800,0xf800,0xf800,0xf800,0xf800,0xf800,
0xf800,0xf800,0xf800,0xf800,0xf800,0xf800,0xf800,0xf800,0xf800,0xf800,
0xf800,0xf800,0xf800,0xf800,0xf800,0xf800,0xf800,0xf800,0xf800,0xf800,
0xf800,0xf800,0xf800,0xf800,0xf800,0xf800,0xf800,0xf800,0xf800,0xf800,
0xf800,0xf800,0xf800,0xf800,0xf800,0xf800,0xf800,0xf800,0xf800,0xf800,
0xf800,0x055f,0x055f,0x055f,0x055f,0x055f,0x055f,0x055f,0x055f,0x055f,
0x055f,0x055f,0x055f,0x055f,0x055f,0x055f,0x055f,0x055f,0x055f,0x055f,
0x055f,0x055f,0x055f,0x055f,0x055f,0x055f,0x055f,0x055f,0x055f,0x055f,
0x055f,0x055f,0x055f,0x055f,0x055f,0x055f,0x055f,0x055f,0x055f,0x055f,
0x055f,0x055f,0x055f,0xffff,0xffff,0xffff,0xffff,0xffff,0xffff,0xffff,
0x055f,0x055f,0x055f,0x055f,0x055f,0x055f,0x055f,0x055f,0x055f,0x055f,
0x055f,0x055f,0x055f,0x055f,0x055f,0x055f,0x055f,0x055f,0x055f,0x055f,
0x055f,0x055f,0x055f,0xffff,0xffff,0xffff,0xffff,0xffff,0xffff,0xffff,
0x055f,0xf800,0xf800,0xf800,0xf800,0xf800,0xf800,0xf800,0xf800,0xf800,
0xf800,0xf800,0xf800,0xf800,0xf800,0xf800,0xf800,0xf800,0xf800,0xf800,
0xf800,0xf800,0xf800,0xf800,0xf800,0xf800,0xf800,0xf800,0xf800,0xf800,
0xf800,0xf800,0xf800,0xf800,0xf800,0xf800,0xf800,0xf800,0xf800,0xf800,
0xf800,0xf800,0xf800,0xf800,0xf800,0xf800,0xf800,0xf800,0x055f,0x055f,
0x055f,0x055f,0x055f,0x055f,0x055f,0x055f,0x055f,0x055f,0x055f,0x055f,
0x055f,0x055f,0x055f,0x055f,0x055f,0x055f,0x055f,0x055f,0x055f,0x055f,
0x055f,0x055f,0x055f,0x055f,0x055f,0x055f,0x055f,0x055f,0x055f,0x055f,
0x055f,0x055f,0x055f,0x055f,0x055f,0x055f,0x055f,0x055f,0x055f,0x055f,
0xffff,0xffff,0xffff,0xffff,0xffff,0xffff,0xffff,0x055f,0x055f,0x055f,
0x055f,0x055f,0x055f,0x055f,0x055f,0x055f,0x055f,0x055f,0x055f,0x055f,
0x055f,0x055f,0x055f,0x055f,0x055f,0x055f,0x055f,0x055f,0x055f,0x055f,
0x055f,0xffff,0xffff,0xffff,0xffff,0xffff,0xffff,0xffff,0x055f,0xf800,
0xf800,0xf800,0xf800,0xf800,0xf800,0xf800,0xf800,0xf800,0xf800,0xf800,
0xf800,0xf800,0xf800,0xf800,0xf800,0xf800,0xf800,0xf800,0xf800,0xf800,
0xf800,0xf800,0xf800,0xf800,0xf800,0xf800,0xf800,0xf800,0xf800,0xf800,
0xf800,0xf800,0xf800,0xf800,0xf800,0xf800,0xf800,0xf800,0xf800,0xf800,
0xf800,0xf800,0xf800,0xf800,0xf800,0xf800,0x055f,0x055f,0x055f,0x055f,
0x055f,0x055f,0x055f,0x055f,0x055f,0x055f,0x055f,0x055f,0x055f,0x055f,
0x055f,0x055f,0x055f,0x055f,0x055f,0x055f,0x055f,0x055f,0x055f,0x055f,
0x055f,0x055f,0x055f,0x055f,0x055f,0x055f,0x055f,0x055f,0x055f,0x055f,
0x055f,0x055f,0x055f,0x055f,0x055f,0x055f,0x055f,0x055f,0xffff,0xffff,
0xffff,0xffff,0xffff,0xffff,0xffff,0x055f,0x055f,0x055f,0x055f,0x055f,
0x055f,0x055f,0x055f,0x055f,0x055f,0x055f,0x055f,0x055f,0x055f,0x055f,
0x055f,0x055f,0x055f,0x055f,0x055f,0x055f,0x055f,0x055f,0x055f,0x055f,
0xffff,0xffff,0xffff,0xffff,0xffff,0xffff,0x055f,0x055f,0xf800,0xf800,
0xf800,0xf800,0xf800,0xf800,0xf800,0xf800,0xf800,0xf800,0xf800,0xf800,
0xf800,0xf800,0xf800,0xf800,0xf800,0xf800,0xf800,0xf800,0xf800,0xf800,
0xf800,0xf800,0xf800,0xf800,0xf800,0xf800,0xf800,0xf800,0xf800,0xf800,
0xf800,0xf800,0xf800,0xf800,0xf800,0xf800,0xf800,0xf800,0xf800,0xf800,
0xf800,0xf800,0xf800,0x055f,0x055f,0x055f,0x055f,0x055f,0x055f,0x055f,
0x055f,0x055f,0x055f,0x055f,0x055f,0x055f,0x055f,0x055f,0x055f,0x055f,
0x055f,0x055f,0x055f,0x055f,0x055f,0x055f,0x055f,0x055f,0x055f,0x055f,
0x055f,0x055f,0x055f,0x055f,0x055f,0x055f,0x055f,0x055f,0x055f,0x055f,
0x055f,0x055f,0x055f,0x055f,0x055f,0xffff,0xffff,0xffff,0xffff,0xffff,
0xffff,0xffff,0xffff,0x055f,0x055f,0x055f,0x055f,0x055f,0x055f,0x055f,
0x055f,0x055f,0x055f,0x055f,0x055f,0x055f,0x055f,0x055f,0x055f,0x055f,
0x055f,0x055f,0x055f,0x055f,0x055f,0x055f,0x055f,0x055f,0xffff,0xffff,
0xffff,0xffff,0xffff,0xffff,0x055f,0x055f,0xf800,0xf800,0xf800,0xf800,
0xf800,0xf800,0xf800,0xf800,0xf800,0xf800,0xf800,0xf800,0xf800,0xf800,
0xf800,0xf800,0xf800,0xf800,0xf800,0xf800,0xf800,0xf800,0xf800,0xf800,
0xf800,0xf800,0xf800,0xf800,0xf800,0xf800,0xf800,0xf800,0xf800,0xf800,
0xf800,0xf800,0xf800,0xf800,0xf800,0xf800,0xf800,0xf800,0xf800,0xf800,
0xf800,0x055f,0x055f,0x055f,0x055f,0x055f,0x055f,0x055f,0x055f,0x055f,
0x055f,0x055f,0x055f,0x055f,0x055f,0x055f,0x055f,0x055f,0x055f,0x055f,
0x055f,0x055f,0x055f,0x055f,0x055f,0x055f,0x055f,0x055f,0x055f,0x055f,
0x055f,0x055f,0x055f,0x055f,0x055f,0x055f,0x055f,0x055f,0x055f,0x055f,
0x055f,0x055f,0x055f,0xffff,0xffff,0xffff,0xffff,0xffff,0xffff,0xffff,
0x055f,0x055f,0x055f,0x055f,0x055f,0x055f,0x055f,0x055f,0x055f,0x055f,
0x055f,0x055f,0x055f,0x055f,0x055f,0x055f,0x055f,0x055f,0x055f,0x055f,
0x055f,0x055f,0x055f,0x055f,0x055f,0x055f,0x055f,0xffff,0xffff,0xffff,
0xffff,0xffff,0x055f,0x055f,0xf800,0xf800,0xf800,0xf800,0xf800,0xf800,
0xf800,0xf800,0xf800,0xf800,0xf800,0xf800,0xf800,0xf800,0xf800,0xf800,
0xf800,0xf800,0xf800,0xf800,0xf800,0xf800,0xf800,0xf800,0xf800,0xf800,
0xf800,0xf800,0xf800,0xf800,0xf800,0xf800,0xf800,0xf800,0xf800,0xf800,
0xf800,0xf800,0xf800,0xf800,0xf800,0xf800,0xf800,0xf800,0xf800,0x055f,
0x055f,0x055f,0x055f,0x055f,0x055f,0x055f,0x055f,0x055f,0x055f,0x055f,
0x055f,0x055f,0x055f,0x055f,0x055f,0x055f,0x055f,0x055f,0x055f,0x055f,
0x055f,0x055f,0x055f,0x055f,0x055f,0x055f,0x055f,0x055f,0x055f,0x055f,
0x055f,0x055f,0x055f,0x055f,0x055f,0x055f,0x055f,0x055f,0x055f,0x055f,
0x055f,0xffff,0xffff,0xffff,0xffff,0xffff,0xffff,0xffff,0x055f,0x055f,
0x055f,0x055f,0x055f,0x055f,0x055f,0x055f,0x055f,0x055f,0x055f,0x055f,
0x055f,0x055f,0x055f,0x055f,0x055f,0x055f,0x055f,0x055f,0x055f,0x055f,
0x055f,0x055f,0x055f,0x055f,0x055f,0x055f,0x055f,0x055f,0x055f,0x055f,
0x055f,0x055f,0x055f,0xf800,0xf800,0xf800,0xf800,0xf800,0xf800,0xf800,
0xf800,0xf800,0xf800,0xf800,0xf800,0xf800,0xf800,0xf800,0xf800,0xf800,
0xf800,0xf800,0xf800,0xf800,0xf800,0xf800,0xf800,0xf800,0xf800,0xf800,
0xf800,0xf800,0xf800,0xf800,0xf800,0xf800,0xf800,0xf800,0xf800,0xf800,
0xf800,0xf800,0xf800,0xf800,0xf800,0xf800,0x055f,0x055f,0x055f,0x055f,
0x055f,0x055f,0x055f,0x055f,0x055f,0x055f,0x055f,0x055f,0x055f,0x055f,
0x055f,0x055f,0x055f,0x055f,0x055f,0x055f,0x055f,0x055f,0x055f,0x055f,
0x055f,0x055f,0x055f,0x055f,0x055f,0x055f,0x055f,0x055f,0x055f,0x055f,
0x055f,0x055f,0x055f,0x055f,0x055f,0x055f,0x055f,0x055f,0x055f,0xffff,
0xffff,0xffff,0xffff,0xffff,0xffff,0xffff,0x055f,0x055f,0x055f,0x055f,
0x055f,0x055f,0x055f,0x055f,0x055f,0x055f,0x055f,0x055f,0x055f,0x055f,
0x055f,0x055f,0x055f,0x055f,0x055f,0x055f,0x055f,0x055f,0x055f,0x055f,
0x055f,0x055f,0x055f,0x055f,0x055f,0x055f,0x055f,0x055f,0x055f,0x055f,
0x055f,0xf800,0xf800,0xf800,0xf800,0xf800,0xf800,0xf800,0xf800,0xf800,
0xf800,0xf800,0xf800,0xf800,0xf800,0xf800,0xf800,0xf800,0xf800,0xf800,
0xf800,0xf800,0xf800,0xf800,0xf800,0xf800,0xf800,0xf800,0xf800,0xf800,
0xf800,0xf800,0xf800,0xf800,0xf800,0xf800,0xf800,0xf800,0xf800,0xf800,
0xf800,0xf800,0xf800,0xf800,0x055f,0x055f,0x055f,0x055f,0x055f,0x055f,
0x055f,0x055f,0x055f,0x055f,0x055f,0x055f,0x055f,0x055f,0x055f,0x055f,
0xf800,0xf800,0xf800,0xf800,0xf800,0xf800,0xf800,0xf800,0xf800,0xf800,
0xf800,0xf800,0xf800,0xf800,0xf800,0xf800,0xf800,0xf800,0xf800,0xf800,
0xf800,0xf800,0xf800,0xf800,0xf800,0xf800,0xf800,0xffff,0xffff,0xffff,
0xffff,0xffff,0xffff,0xffff,0xf800,0xf800,0xf800,0xf800,0xf800,0xf800,
0xf800,0xf800,0xf800,0xf800,0xf800,0xf800,0xf800,0xf800,0xf800,0xf800,
0xf800,0xf800,0xf800,0xf800,0x055f,0x055f,0x055f,0x055f,0x055f,0x055f,
0x055f,0x055f,0x055f,0x055f,0x055f,0x055f,0x055f,0x055f,0x055f,0x055f,
0xf800,0xf800,0xf800,0xf800,0xf800,0xf800,0xf800,0xf800,0xf800,0xf800,
0xf800,0xf800,0xf800,0xf800,0xf800,0xf800,0xf800,0xf800,0xf800,0xf800,
0xf800,0xf800,0xf800,0xf800,0xf800,0xf800,0xf800,0xf800,0xf800,0xf800,
0xf800,0xf800,0xf800,0xf800,0xf800,0xf800,0xf800,0xf800,0xf800,0xf800,
0xf800,0x055f,0x055f,0x055f,0x055f,0x055f,0x055f,0x055f,0x055f,0x055f,
0x055f,0x055f,0x055f,0x055f,0x055f,0x055f,0x055f,0xf800,0xf800,0xf800,
0xf800,0xf800,0xf800,0xf800,0xf800,0xf800,0xf800,0xf800,0xf800,0xf800,
0xf800,0xf800,0xf800,0xf800,0xf800,0xf800,0xf800,0xf800,0xf800,0xf800,
0xf800,0xf800,0xf800,0xf800,0xf800,0xffff,0xffff,0xffff,0xffff,0xffff,
0xffff,0xf800,0xf800,0xf800,0xf800,0xf800,0xf800,0xf800,0xf800,0xf800,
0xf800,0xf800,0xf800,0xf800,0xf800,0xf800,0xf800,0xf800,0xf800,0xf800,
0xf800,0xf800,0x055f,0x055f,0x055f,0x055f,0x055f,0x055f,0x055f,0x055f,
0x055f,0x055f,0x055f,0x055f,0x055f,0x055f,0x055f,0x055f,0xf800,0xf800,
0xf800,0xf800,0xf800,0xf800,0xf800,0xf800,0xf800,0xf800,0xf800,0xf800,
0xf800,0xf800,0xf800,0xf800,0xf800,0xf800,0xf800,0xf800,0xf800,0xf800,
0xf800,0xf800,0xf800,0xf800,0xf800,0xf800,0xf800,0xf800,0xf800,0xf800,
0xf800,0xf800,0xf800,0xf800,0xf800,0xf800,0xf800,0xf800,0xf800,0x055f,
0x055f,0x055f,0x055f,0x055f,0x055f,0x055f,0x055f,0x055f,0x055f,0x055f,
0x055f,0x055f,0x055f,0x055f,0x055f,0xf800,0xf800,0xf800,0xf800,0xf800,
0xf800,0xf800,0xf800,0xf800,0xf800,0xf800,0xf800,0xf800,0xf800,0xf800,
0xf800,0xf800,0xf800,0xf800,0xf800,0xf800,0xf800,0xf800,0xf800,0xf800,
0xf800,0xf800,0xffff,0xffff,0xffff,0xffff,0xffff,0xffff,0xffff,0xf800,
0xf800,0xf800,0xf800,0xf800,0xf800,0xf800,0xf800,0xf800,0xf800,0xf800,
0xf800,0xf800,0xf800,0xf800,0xf800,0xf800,0xf800,0xf800,0xf800,0xf800,
0xf800,0x055f,0x055f,0x055f,0x055f,0x055f,0x055f,0x055f,0x055f,0x055f,
0x055f,0x055f,0x055f,0x055f,0x055f,0x055f,0xf800,0xf800,0xf800,0xf800,
0xf800,0xf800,0xf800,0xf800,0xf800,0xf800,0xf800,0xf800,0xf800,0xf800,
0xf800,0xf800,0xf800,0xf800,0xf800,0xf800,0xf800,0xf800,0xf800,0xf800,
0xf800,0xf800,0xf800,0xf800,0xf800,0xf800,0xf800,0xf800,0xf800,0xf800,
0xf800,0xf800,0xf800,0xf800,0xf800,0xf800,0xf800,0x055f,0x055f,0x055f,
0x055f,0x055f,0x055f,0x055f,0x055f,0x055f,0x055f,0x055f,0x055f,0x055f,
0x055f,0x055f,0xf800,0xf800,0xf800,0xf800,0xf800,0xf800,0xf800,0xf800,
0xf800,0xf800,0xf800,0xf800,0xf800,0xf800,0xf800,0xf800,0xf800,0xf800,
0xf800,0xf800,0xf800,0xf800,0xf800,0xf800,0xf800,0xf800,0xf800,0xf800,
0xffff,0xffff,0xffff,0xffff,0xffff,0xffff,0xffff,0xf800,0xf800,0xf800,
0xf800,0xf800,0xf800,0xf800,0xf800,0xf800,0xf800,0xf800,0xf800,0xf800,
0xf800,0xf800,0xf800,0xf800,0xf800,0xf800,0xf800,0xf800,0xf800,0x055f,
0x055f,0x055f,0x055f,0x055f,0x055f,0x055f,0x055f,0x055f,0x055f,0x055f,
0x055f,0x055f,0x055f,0x055f,0x055f,0xf800,0xf800,0xf800,0xf800,0xf800,
0xf800,0xf800,0xf800,0xf800,0xf800,0xf800,0xf800,0xf800,0xf800,0xf800,
0xf800,0xf800,0xf800,0xf800,0xf800,0xf800,0xf800,0xf800,0xf800,0xf800,
0xf800,0xf800,0xf800,0xf800,0xf800,0xf800,0xf800,0xf800,0xf800,0xf800,
0xf800,0xf800,0xf800,0xf800,0x055f,0x055f,0x055f,0x055f,0x055f,0x055f,
0x055f,0x055f,0x055f,0x055f,0x055f,0x055f,0x055f,0x055f,0x055f,0x055f,
0xf800,0xf800,0xf800,0xf800,0xf800,0xf800,0xf800,0xf800,0xf800,0xf800,
0xf800,0xf800,0xf800,0xf800,0xf800,0xf800,0xf800,0xf800,0xf800,0xf800,
0xf800,0xf800,0xf800,0xf800,0xf800,0xf800,0xf800,0xf800,0xffff,0xffff,
0xffff,0xffff,0xffff,0xffff,0xffff,0xf800,0xf800,0xf800,0xf800,0xf800,
0xf800,0xf800,0xf800,0xf800,0xf800,0xf800,0xf800,0xf800,0xf800,0xf800,
0xf800,0xf800,0xf800,0xf800,0xf800,0xf800,0xf800,0xf800,0x055f,0x055f,
0x055f,0x055f,0x055f,0x055f,0x055f,0x055f,0x055f,0x055f,0x055f,0x055f,
0x055f,0x055f,0x055f,0xf800,0xf800,0xf800,0xf800,0xf800,0xf800,0xf800,
0xf800,0xf800,0xf800,0xf800,0xf800,0xf800,0xf800,0xf800,0xf800,0xf800,
0xf800,0xf800,0xf800,0xf800,0xf800,0xf800,0xf800,0xf800,0xf800,0xf800,
0xf800,0xf800,0xf800,0xf800,0xf800,0xf800,0xf800,0xf800,0xf800,0xf800,
0xf800,0xf800,0x055f,0x055f,0x055f,0x055f,0x055f,0x055f,0x055f,0x055f,
0x055f,0x055f,0x055f,0x055f,0x055f,0x055f,0x055f,0x055f,0xf800,0xf800,
0xf800,0xf800,0xf800,0xf800,0xf800,0xf800,0xf800,0xf800,0xf800,0xf800,
0xf800,0xf800,0xf800,0xf800,0xf800,0xf800,0xf800,0xf800,0xf800,0xf800,
0xf800,0xf800,0xf800,0xf800,0xf800,0xf800,0xffff,0xffff,0xffff,0xffff,
0xffff,0xffff,0xffff,0xf800,0xf800,0xf800,0xf800,0xf800,0xf800,0xf800,
0xf800,0xf800,0xf800,0xf800,0xf800,0xf800,0xf800,0xf800,0xf800,0xf800,
0xf800,0xf800,0xf800,0xf800,0xf800,0xf800,0x055f,0x055f,0x055f,0x055f,
0x055f,0x055f,0x055f,0x055f,0x055f,0x055f,0x055f,0x055f,0x055f,0x055f,
0x055f,0x055f,0xf800,0xf800,0xf800,0xf800,0xf800,0xf800,0xf800,0xf800,
0xf800,0xf800,0xf800,0xf800,0xf800,0xf800,0xf800,0xf800,0xf800,0xf800,
0xf800,0xf800,0xf800,0xf800,0xf800,0xf800,0xf800,0xf800,0xf800,0xf800,
0xf800,0xf800,0xf800,0xf800,0xf800,0xf800,0xf800,0xf800,0xf800,0x055f,
0x055f,0x055f,0x055f,0x055f,0x055f,0x055f,0x055f,0x055f,0x055f,0x055f,
0x055f,0x055f,0x055f,0x055f,0x055f,0xf800,0xf800,0xf800,0xf800,0xf800,
0xf800,0xf800,0xf800,0xf800,0xf800,0xf800,0xf800,0xf800,0xf800,0xf800,
0xf800,0xf800,0xf800,0xf800,0xf800,0xf800,0xf800,0xf800,0xf800,0xf800,
0xf800,0xf800,0xf800,0xf800,0xf800,0xffff,0xffff,0xffff,0xffff,0xffff,
0xffff,0xf800,0xf800,0xf800,0xf800,0xf800,0xf800,0xf800,0xf800,0xf800,
0xf800,0xf800,0xf800,0xf800,0xf800,0xf800,0xf800,0xf800,0xf800,0xf800,
0xf800,0xf800,0xf800,0xf800,0x055f,0x055f,0x055f,0x055f,0x055f,0x055f,
0x055f,0x055f,0x055f,0x055f,0x055f,0x055f,0x055f,0x055f,0x055f,0x055f,
0xf800,0xf800,0xf800,0xf800,0xf800,0xf800,0xf800,0xf800,0xf800,0xf800,
0xf800,0xf800,0xf800,0xf800,0xf800,0xf800,0xf800,0xf800,0xf800,0xf800,
0xf800,0xf800,0xf800,0xf800,0xf800,0xf800,0xf800,0xf800,0xf800,0xf800,
0xf800,0xf800,0xf800,0xf800,0xf800,0xf800,0xf800,0x055f,0x055f,0x055f,
0x055f,0x055f,0x055f,0x055f,0x055f,0x055f,0x055f,0x055f,0x055f,0x055f,
0x055f,0x055f,0x055f,0xf800,0xf800,0xf800,0xf800,0xf800,0xf800,0xf800,
0xf800,0xf800,0xf800,0xf800,0xf800,0xf800,0xf800,0xf800,0xf800,0xf800,
0xf800,0xf800,0xf800,0xf800,0xf800,0xf800,0xf800,0xf800,0xf800,0xf800,
0xf800,0xf800,0xf800,0xffff,0xffff,0xffff,0xffff,0xffff,0xffff,0xffff,
0xf800,0xf800,0xf800,0xf800,0xf800,0xf800,0xf800,0xf800,0xf800,0xf800,
0xf800,0xf800,0xf800,0xf800,0xf800,0xf800,0xf800,0xf800,0xf800,0xf800,
0xf800,0xf800,0xf800,0x055f,0x055f,0x055f,0x055f,0x055f,0x055f,0x055f,
0x055f,0x055f,0x055f,0x055f,0x055f,0x055f,0x055f,0x055f,0xf800,0xf800,
0xf800,0xf800,0xf800,0xf800,0xf800,0xf800,0xf800,0xf800,0xf800,0xf800,
0xf800,0xf800,0xf800,0xf800,0xf800,0xf800,0xf800,0xf800,0xf800,0xf800,
0xf800,0xf800,0xf800,0xf800,0xf800,0xf800,0xf800,0xf800,0xf800,0xf800,
0xf800,0xf800,0xf800,0xf800,0xf800,0x055f,0x055f,0x055f,0x055f,0x055f,
0x055f,0x055f,0x055f,0x055f,0x055f,0x055f,0x055f,0x055f,0x055f,0x055f,
0xf800,0xf800,0xf800,0xf800,0xf800,0xf800,0xf800,0xf800,0xf800,0xf800,
0xf800,0xf800,0xf800,0xf800,0xf800,0xf800,0xf800,0xf800,0xf800,0xf800,
0xf800,0xf800,0xf800,0xf800,0xf800,0xf800,0xf800,0xf800,0xf800,0xf800,
0xf800,0xffff,0xffff,0xffff,0xffff,0xffff,0xffff,0xffff,0xf800,0xf800,
0xf800,0xf800,0xf800,0xf800,0xf800,0xf800,0xf800,0xf800,0xf800,0xf800,
0xf800,0xf800,0xf800,0xf800,0xf800,0xf800,0xf800,0xf800,0xf800,0xf800,
0xf800,0x055f,0x055f,0x055f,0x055f,0x055f,0x055f,0x055f,0x055f,0x055f,
0x055f,0x055f,0x055f,0x055f,0x055f,0x055f,0x055f,0xf800,0xf800,0xf800,
0xf800,0xf800,0xf800,0xf800,0xf800,0xf800,0xf800,0xf800,0xf800,0xf800,
0xf800,0xf800,0xf800,0xf800,0xf800,0xf800,0xf800,0xf800,0xf800,0xf800,
0xf800,0xf800,0xf800,0xf800,0xf800,0xf800,0xf800,0xf800,0xf800,0xf800,
0xf800,0xf800,0x055f,0x055f,0x055f,0x055f,0x055f,0x055f,0x055f,0x055f,
0x055f,0x055f,0x055f,0x055f,0x055f,0x055f,0x055f,0x055f,0xf800,0xf800,
0xf800,0xf800,0xf800,0xf800,0xf800,0xf800,0xf800,0xf800,0xf800,0xf800,
0xf800,0xf800,0xf800,0xf800,0xf800,0xf800,0xf800,0xf800,0xf800,0xf800,
0xf800,0xf800,0xf800,0xf800,0xf800,0xf800,0xf800,0xf800,0xf800,0xffff,
0xffff,0xffff,0xffff,0xffff,0xffff,0xffff,0xf800,0xf800,0xf800,0xf800,
0xf800,0xf800,0xf800,0xf800,0xf800,0xf800,0xf800,0xf800,0xf800,0xf800,
0xf800,0xf800,0xf800,0xf800,0xf800,0xf800,0xf800,0xf800,0xf800,0xf800,
0x055f,0x055f,0x055f,0x055f,0x055f,0x055f,0x055f,0x055f,0x055f,0x055f,
0x055f,0x055f,0x055f,0x055f,0x055f,0xf800,0xf800,0xf800,0xf800,0xf800,
0xf800,0xf800,0xf800,0xf800,0xf800,0xf800,0xf800,0xf800,0xf800,0xf800,
0xf800,0xf800,0xf800,0xf800,0xf800,0xf800,0xf800,0xf800,0xf800,0xf800,
0xf800,0xf800,0xf800,0xf800,0xf800,0xf800,0xf800,0xf800,0xf800,0xf800,
0x055f,0x055f,0x055f,0x055f,0x055f,0x055f,0x055f,0x055f,0x055f,0x055f,
0x055f,0x055f,0x055f,0x055f,0x055f,0x055f,0xf800,0xf800,0xf800,0xf800,
0xf800,0xf800,0xf800,0xf800,0xf800,0xf800,0xf800,0xf800,0xf800,0xf800,
0xf800,0xf800,0xf800,0xf800,0xf800,0xf800,0xf800,0xf800,0xf800,0xf800,
0xf800,0xf800,0xf800,0xf800,0xf800,0xf800,0xf800,0xffff,0xffff,0xffff,
0xffff,0xffff,0xffff,0xffff,0xf800,0xf800,0xf800,0xf800,0xf800,0xf800,
0xf800,0xf800,0xf800,0xf800,0xf800,0xf800,0xf800,0xf800,0xf800,0xf800,
0xf800,0xf800,0xf800,0xf800,0xf800,0xf800,0xf800,0xf800,0x055f,0x055f,
0x055f,0xffff,0xffff,0xffff,0xffff,0xffff,0x055f,0x055f,0x055f,0x055f,
0x055f,0x055f,0x055f,0x055f,0xf800,0xf800,0xf800,0xf800,0xf800,0xf800,
0xf800,0xf800,0xf800,0xf800,0xf800,0xf800,0xf800,0xf800,0xf800,0xf800,
0xf800,0xf800,0xf800,0xf800,0xf800,0xf800,0xf800,0xf800,0xf800,0xf800,
0xf800,0xf800,0xf800,0xf800,0xf800,0xf800,0xf800,0x055f,0x055f,0x055f,
0x055f,0x055f,0x055f,0x055f,0x055f,0x055f,0x055f,0x055f,0x055f,0x055f,
0x055f,0x055f,0x055f,0xf800,0xf800,0xf800,0xf800,0xf800,0xf800,0xf800,
0xf800,0xf800,0xf800,0xf800,0xf800,0xf800,0xf800,0xf800,0xf800,0xf800,
0xf800,0xf800,0xf800,0xf800,0xf800,0xf800,0xf800,0xf800,0xf800,0xf800,
0xf800,0xf800,0xf800,0xf800,0xf800,0xffff,0xffff,0xffff,0xffff,0xffff,
0xffff,0xffff,0xf800,0xf800,0xf800,0xf800,0xf800,0xf800,0xf800,0xf800,
0xf800,0xf800,0xf800,0xf800,0xf800,0xf800,0xf800,0xf800,0xf800,0xf800,
0xf800,0xf800,0xf800,0xf800,0xf800,0xf800,0x055f,0x055f,0x055f,0xffff,
0xffff,0xffff,0xffff,0xffff,0xffff,0x055f,0x055f,0x055f,0x055f,0x055f,
0x055f,0x055f,0xf800,0xf800,0xf800,0xf800,0xf800,0xf800,0xf800,0xf800,
0xf800,0xf800,0xf800,0xf800,0xf800,0xf800,0xf800,0xf800,0xf800,0xf800,
0xf800,0xf800,0xf800,0xf800,0xf800,0xf800,0xf800,0xf800,0xf800,0xf800,
0xf800,0xf800,0xf800,0xf800,0xf800,0x055f,0x055f,0x055f,0x055f,0x055f,
0x055f,0x055f,0x055f,0x055f,0x055f,0x055f,0x055f,0x055f,0x055f,0x055f,
0x055f,0xf800,0xf800,0xf800,0xf800,0xf800,0xf800,0xf800,0xf800,0xf800,
0xf800,0xf800,0xf800,0xf800,0xf800,0xf800,0xf800,0xf800,0xf800,0xf800,
0xf800,0xf800,0xf800,0xf800,0xf800,0xf800,0xf800,0xf800,0xf800,0xf800,
0xf800,0xf800,0xf800,0xf800,0xffff,0xffff,0xffff,0xffff,0xffff,0xffff,
0xffff,0xf800,0xf800,0xf800,0xf800,0xf800,0xf800,0xf800,0xf800,0xf800,
0xf800,0xf800,0xf800,0xf800,0xf800,0xf800,0xf800,0xf800,0xf800,0xf800,
0xf800,0xf800,0xf800,0xf800,0xf800,0x055f,0xffff,0xffff,0xffff,0xffff,
0xffff,0xffff,0xffff,0x055f,0x055f,0x055f,0x055f,0x055f,0x055f,0x055f,
0xf800,0xf800,0xf800,0xf800,0xf800,0xf800,0xf800,0xf800,0xf800,0xf800,
0xf800,0xf800,0xf800,0xf800,0xf800,0xf800,0xf800,0xf800,0xf800,0xf800,
0xf800,0xf800,0xf800,0xf800,0xf800,0xf800,0xf800,0xf800,0xf800,0xf800,
0xf800,0xf800,0xf800,0x055f,0x055f,0x055f,0x055f,0x055f,0x055f,0x055f,
0x055f,0x055f,0x055f,0x055f,0x055f,0x055f,0x055f,0x055f,0xf800,0xf800,
0xf800,0xf800,0xf800,0xf800,0xf800,0xf800,0xf800,0xf800,0xf800,0xf800,
0xf800,0xf800,0xf800,0xf800,0xf800,0xf800,0xf800,0xf800,0xf800,0xf800,
0xf800,0xf800,0xf800,0xf800,0xf800,0xf800,0xf800,0xf800,0xf800,0xf800,
0xf800,0xf800,0xffff,0xffff,0xffff,0xffff,0xffff,0xffff,0xffff,0xf800,
0xf800,0xf800,0xf800,0xf800,0xf800,0xf800,0xf800,0xf800,0xf800,0xf800,
0xf800,0xf800,0xf800,0xf800,0xf800,0xf800,0xf800,0xf800,0xf800,0xf800,
0xf800,0xf800,0xf800,0x055f,0xffff,0xffff,0xffff,0xffff,0xffff,0xffff,
0xffff,0x055f,0x055f,0x055f,0x055f,0x055f,0x055f,0x055f,0x055f,0xf800,
0xf800,0xf800,0xf800,0xf800,0xf800,0xf800,0xf800,0xf800,0xf800,0xf800,
0xf800,0xf800,0xf800,0xf800,0xf800,0xf800,0xf800,0xf800,0xf800,0xf800,
0xf800,0xf800,0xf800,0xf800,0xf800,0xf800,0xf800,0xf800,0xf800,0xf800,
0x055f,0x055f,0x055f,0x055f,0x055f,0x055f,0x055f,0x055f,0x055f,0x055f,
0x055f,0x055f,0x055f,0x055f,0x055f,0x055f,0xf800,0xf800,0xf800,0xf800,
0xf800,0xf800,0xf800,0xf800,0xf800,0xf800,0xf800,0xf800,0xf800,0xf800,
0xf800,0xf800,0xf800,0xf800,0xf800,0xf800,0xf800,0xf800,0xf800,0xf800,
0xf800,0xf800,0xf800,0xf800,0xf800,0xf800,0xf800,0xf800,0xf800,0xf800,
0xffff,0xffff,0xffff,0xffff,0xffff,0xffff,0xffff,0xffff,0xf800,0xf800,
0xf800,0xf800,0xf800,0xf800,0xf800,0xf800,0xf800,0xf800,0xf800,0xf800,
0xf800,0xf800,0xf800,0xf800,0xf800,0xf800,0xf800,0xf800,0xf800,0xf800,
0xf800,0xffff,0xffff,0xffff,0xffff,0xffff,0xffff,0xffff,0xffff,0x055f,
0x055f,0x055f,0x055f,0x055f,0x055f,0x055f,0x055f,0xf800,0xf800,0xf800,
0xf800,0xf800,0xf800,0xf800,0xf800,0xf800,0xf800,0xf800,0xf800,0xf800,
0xf800,0xf800,0xf800,0xf800,0xf800,0xf800,0xf800,0xf800,0xf800,0xf800,
0xf800,0xf800,0xf800,0xf800,0xf800,0xf800,0xf800,0xf800,0x055f,0x055f,
0x055f,0x055f,0x055f,0x055f,0x055f,0x055f,0x055f,0x055f,0x055f,0x055f,
0x055f,0x055f,0x055f,0x055f,0xf800,0xf800,0xf800,0xf800,0xf800,0xf800,
0xf800,0xf800,0xf800,0xf800,0xf800,0xf800,0xf800,0xf800,0xf800,0xf800,
0xf800,0xf800,0xf800,0xf800,0xf800,0xf800,0xf800,0xf800,0xf800,0xf800,
0xf800,0xf800,0xf800,0xf800,0xf800,0xf800,0xf800,0xf800,0xf800,0xffff,
0xffff,0xffff,0xffff,0xffff,0xffff,0xffff,0xf800,0xf800,0xf800,0xf800,
0xf800,0xf800,0xf800,0xf800,0xf800,0xf800,0xf800,0xf800,0xf800,0xf800,
0xf800,0xf800,0xf800,0xf800,0xf800,0xf800,0xf800,0xf800,0xf800,0xffff,
0xffff,0xffff,0xffff,0xffff,0xffff,0xffff,0x055f,0x055f,0x055f,0x055f,
0x055f,0x055f,0x055f,0x055f,0x055f,0x055f,0xf800,0xf800,0xf800,0xf800,
0xf800,0xf800,0xf800,0xf800,0xf800,0xf800,0xf800,0xf800,0xf800,0xf800,
0xf800,0xf800,0xf800,0xf800,0xf800,0xf800,0xf800,0xf800,0xf800,0xf800,
0xf800,0xf800,0xf800,0xf800,0xf800,0x055f,0x055f,0x055f,0x055f,0x055f,
0x055f,0x055f,0x055f,0x055f,0x055f,0x055f,0x055f,0x055f,0x055f,0x055f,
0x055f,0xf800,0xf800,0xf800,0xf800,0xf800,0xf800,0xf800,0xf800,0xf800,
0xf800,0xf800,0xf800,0xf800,0xf800,0xf800,0xf800,0xf800,0xf800,0xf800,
0xf800,0xf800,0xf800,0xf800,0xf800,0xf800,0xf800,0xf800,0xf800,0xf800,
0xf800,0xf800,0xf800,0xf800,0xf800,0xf800,0xf800,0xffff,0xffff,0xffff,
0xffff,0xffff,0xffff,0xffff,0xffff,0xf800,0xf800,0xf800,0xf800,0xf800,
0xf800,0xf800,0xf800,0xf800,0xf800,0xf800,0xf800,0xf800,0xf800,0xf800,
0xf800,0xf800,0xf800,0xf800,0xf800,0xf800,0xffff,0xffff,0xffff,0xffff,
0xffff,0xffff,0xffff,0xffff,0x055f,0x055f,0x055f,0x055f,0x055f,0x055f,
0x055f,0x055f,0x055f,0x055f,0xf800,0xf800,0xf800,0xf800,0xf800,0xf800,
0xf800,0xf800,0xf800,0xf800,0xf800,0xf800,0xf800,0xf800,0xf800,0xf800,
0xf800,0xf800,0xf800,0xf800,0xf800,0xf800,0xf800,0xf800,0xf800,0xf800,
0xf800,0xf800,0xf800,0x055f,0x055f,0x055f,0x055f,0x055f,0x055f,0x055f,
0x055f,0x055f,0x055f,0x055f,0x055f,0x055f,0x055f,0x055f,0x055f,0xf800,
0xf800,0xf800,0xf800,0xf800,0xf800,0xf800,0xf800,0xf800,0xf800,0xf800,
0xf800,0xf800,0xf800,0xf800,0xf800,0xf800,0xf800,0xf800,0xf800,0xf800,
0xf800,0xf800,0xf800,0xf800,0xf800,0xf800,0xf800,0xf800,0xf800,0xf800,
0xf800,0xf800,0xf800,0xf800,0xf800,0xf800,0xffff,0xffff,0xffff,0xffff,
0xffff,0xffff,0xffff,0xffff,0xf800,0xf800,0xf800,0xf800,0xf800,0xf800,
0xf800,0xf800,0xf800,0xf800,0xf800,0xf800,0xf800,0xf800,0xf800,0xf800,
0xf800,0xf800,0xf800,0xffff,0xffff,0xffff,0xffff,0xffff,0xffff,0xffff,
0xffff,0x055f,0x055f,0x055f,0x055f,0x055f,0x055f,0x055f,0x055f,0x055f,
0x055f,0x055f,0xf800,0xf800,0xf800,0xf800,0xf800,0xf800,0xf800,0xf800,
0xf800,0xf800,0xf800,0xf800,0xf800,0xf800,0xf800,0xf800,0xf800,0xf800,
0xf800,0xf800,0xf800,0xf800,0xf800,0xf800,0xf800,0xf800,0xf800,0xf800,
0xf800,0x055f,0x055f,0x055f,0x055f,0x055f,0x055f,0x055f,0x055f,0x055f,
0x055f,0x055f,0x055f,0x055f,0x055f,0x055f,0xf800,0xf800,0xf800,0xf800,
0xf800,0xf800,0xf800,0xf800,0xf800,0xf800,0xf800,0xf800,0xf800,0xf800,
0xf800,0xf800,0xf800,0xf800,0xf800,0xf800,0xf800,0xf800,0xf800,0xf800,
0xf800,0xf800,0xf800,0xf800,0xf800,0xf800,0xf800,0xf800,0xf800,0xf800,
0xf800,0xf800,0xf800,0xf800,0xffff,0xffff,0xffff,0xffff,0xffff,0xffff,
0xffff,0xffff,0xffff,0xf800,0xf800,0xf800,0xf800,0xf800,0xf800,0xf800,
0xf800,0xf800,0xf800,0xf800,0xf800,0xf800,0xf800,0xf800,0xf800,0xf800,
0xf800,0xffff,0xffff,0xffff,0xffff,0xffff,0xffff,0xffff,0xffff,0x055f,
0x055f,0x055f,0x055f,0x055f,0x055f,0x055f,0x055f,0x055f,0x055f,0x055f,
0x055f,0xf800,0xf800,0xf800,0xf800,0xf800,0xf800,0xf800,0xf800,0xf800,
0xf800,0xf800,0xf800,0xf800,0xf800,0xf800,0xf800,0xf800,0xf800,0xf800,
0xf800,0xf800,0xf800,0xf800,0xf800,0xf800,0xf800,0xf800,0x055f,0x055f,
0x055f,0x055f,0x055f,0x055f,0x055f,0x055f,0x055f,0x055f,0x055f,0x055f,
0x055f,0x055f,0x055f,0x055f,0xf800,0xf800,0xf800,0xf800,0xf800,0xf800,
0xf800,0xf800,0xf800,0xf800,0xf800,0xf800,0xf800,0xf800,0xf800,0xf800,
0xf800,0xf800,0xf800,0xf800,0xf800,0xf800,0xf800,0xf800,0xf800,0xf800,
0xf800,0xf800,0xf800,0xf800,0xf800,0xf800,0xf800,0xf800,0xf800,0xf800,
0xf800,0xf800,0xf800,0xffff,0xffff,0xffff,0xffff,0xffff,0xffff,0xffff,
0xffff,0xffff,0xf800,0xf800,0xf800,0xf800,0xf800,0xf800,0xf800,0xf800,
0xf800,0xf800,0xf800,0xf800,0xf800,0xf800,0xf800,0xffff,0xffff,0xffff,
0xffff,0xffff,0xffff,0xffff,0xffff,0xffff,0x055f,0x055f,0x055f,0x055f,
0x055f,0x055f,0x055f,0x055f,0x055f,0x055f,0x055f,0x055f,0x055f,0xf800,
0xf800,0xf800,0xf800,0xf800,0xf800,0xf800,0xf800,0xf800,0xf800,0xf800,
0xf800,0xf800,0xf800,0xf800,0xf800,0xf800,0xf800,0xf800,0xf800,0xf800,
0xf800,0xf800,0xf800,0xf800,0xf800,0xf800,0x055f,0x055f,0x055f,0x055f,
0x055f,0x055f,0x055f,0x055f,0x055f,0x055f,0x055f,0x055f,0x055f,0x055f,
0x055f,0x055f,0xf800,0xf800,0xf800,0xf800,0xf800,0xf800,0xf800,0xf800,
0xf800,0xf800,0xf800,0xf800,0xf800,0xf800,0xf800,0xf800,0xf800,0xf800,
0xf800,0xf800,0xf800,0xf800,0xf800,0xf800,0xf800,0xf800,0xf800,0xf800,
0xf800,0xf800,0xf800,0xf800,0xf800,0xf800,0xf800,0xf800,0xf800,0xf800,
0xf800,0xf800,0xffff,0xffff,0xffff,0xffff,0xffff,0xffff,0xffff,0xffff,
0xffff,0xf800,0xf800,0xf800,0xf800,0xf800,0xf800,0xf800,0xf800,0xf800,
0xf800,0xf800,0xf800,0xf800,0xffff,0xffff,0xffff,0xffff,0xffff,0xffff,
0xffff,0xffff,0xffff,0x055f,0x055f,0x055f,0x055f,0x055f,0x055f,0x055f,
0x055f,0x055f,0x055f,0x055f,0x055f,0x055f,0x055f,0x055f,0xf800,0xf800,
0xf800,0xf800,0xf800,0xf800,0xf800,0xf800,0xf800,0xf800,0xf800,0xf800,
0xf800,0xf800,0xf800,0xf800,0xf800,0xf800,0xf800,0xf800,0xf800,0xf800,
0xf800,0xf800,0xf800,0x055f,0x055f,0x055f,0x055f,0x055f,0x055f,0x055f,
0x055f,0x055f,0x055f,0x055f,0x055f,0x055f,0x055f,0x055f,0x055f,0xf800,
0xf800,0xf800,0xf800,0xf800,0xf800,0xf800,0xf800,0xf800,0xf800,0xf800,
0xf800,0xf800,0xf800,0xf800,0xf800,0xf800,0xf800,0xf800,0xf800,0xf800,
0xf800,0xf800,0xf800,0xf800,0xf800,0xf800,0xf800,0xf800,0xf800,0xf800,
0xf800,0xf800,0xf800,0xf800,0xf800,0xf800,0xf800,0xf800,0xf800,0xf800,
0xf800,0xffff,0xffff,0xffff,0xffff,0xffff,0xffff,0xffff,0xffff,0xffff,
0xffff,0xf800,0xf800,0xf800,0xf800,0xf800,0xf800,0xf800,0xf800,0xffff,
0xffff,0xffff,0xffff,0xffff,0xffff,0xffff,0xffff,0xffff,0xffff,0xffff,
0x055f,0x055f,0x055f,0x055f,0x055f,0x055f,0x055f,0x055f,0x055f,0x055f,
0x055f,0x055f,0x055f,0x055f,0x055f,0x055f,0xf800,0xf800,0xf800,0xf800,
0xf800,0xf800,0xf800,0xf800,0xf800,0xf800,0xf800,0xf800,0xf800,0xf800,
0xf800,0xf800,0xf800,0xf800,0xf800,0xf800,0xf800,0xf800,0xf800,0xf800,
0xf800,0x055f,0x055f,0x055f,0x055f,0x055f,0x055f,0x055f,0x055f,0x055f,
0x055f,0x055f,0x055f,0x055f,0x055f,0x055f,0x055f,0xf800,0xf800,0xf800,
0xf800,0xf800,0xf800,0xf800,0xf800,0xf800,0xf800,0xf800,0xf800,0xf800,
0xf800,0xf800,0xf800,0xf800,0xf800,0xf800,0xf800,0xf800,0xf800,0xf800,
0xf800,0xf800,0xf800,0xf800,0xf800,0xf800,0xf800,0xf800,0xf800,0xf800,
0xf800,0xf800,0xf800,0xf800,0xf800,0xf800,0xf800,0xf800,0xf800,0xf800,
0xffff,0xffff,0xffff,0xffff,0xffff,0xffff,0xffff,0xffff,0xffff,0xffff,
0xffff,0xffff,0xffff,0xffff,0xffff,0xffff,0xffff,0xffff,0xffff,0xffff,
0xffff,0xffff,0xffff,0xffff,0xffff,0xffff,0xffff,0xf800,0xf800,0x055f,
0x055f,0x055f,0x055f,0x055f,0x055f,0x055f,0x055f,0x055f,0x055f,0x055f,
0x055f,0x055f,0x055f,0x055f,0xf800,0xf800,0xf800,0xf800,0xf800,0xf800,
0xf800,0xf800,0xf800,0xf800,0xf800,0xf800,0xf800,0xf800,0xf800,0xf800,
0xf800,0xf800,0xf800,0xf800,0xf800,0xf800,0xf800,0xf800,0xf800,0x055f,
0x055f,0x055f,0x055f,0x055f,0x055f,0x055f,0x055f,0x055f,0x055f,0x055f,
0x055f,0x055f,0x055f,0x055f,0xf800,0xf800,0xf800,0xf800,0xf800,0xf800,
0xf800,0xf800,0xf800,0xf800,0xf800,0xf800,0xf800,0xf800,0xf800,0xf800,
0xf800,0xf800,0xf800,0xf800,0xf800,0xf800,0xf800,0xf800,0xf800,0xf800,
0xf800,0xf800,0xf800,0xf800,0xf800,0xf800,0xf800,0xf800,0xf800,0xf800,
0xf800,0xf800,0xf800,0xf800,0xf800,0xf800,0xf800,0xf800,0xf800,0xffff,
0xffff,0xffff,0xffff,0xffff,0xffff,0xffff,0xffff,0xffff,0xffff,0xffff,
0xffff,0xffff,0xffff,0xffff,0xffff,0xffff,0xffff,0xffff,0xffff,0xffff,
0xffff,0xffff,0xffff,0xffff,0xf800,0xf800,0xf800,0x055f,0x055f,0x055f,
0x055f,0x055f,0x055f,0x055f,0x055f,0x055f,0x055f,0x055f,0x055f,0x055f,
0x055f,0x055f,0xf800,0xf800,0xf800,0xf800,0xf800,0xf800,0xf800,0xf800,
0xf800,0xf800,0xf800,0xf800,0xf800,0xf800,0xf800,0xf800,0xf800,0xf800,
0xf800,0xf800,0xf800,0xf800,0xf800,0xf800,0xf800,0x055f,0x055f,0x055f,
0x055f,0x055f,0x055f,0x055f,0x055f,0x055f,0x055f,0x055f,0x055f,0x055f,
0x055f,0x055f,0xf800,0xf800,0xf800,0xf800,0xf800,0xf800,0xf800,0xf800,
0xf800,0xf800,0xf800,0xf800,0xf800,0xf800,0xf800,0xf800,0xf800,0xf800,
0xf800,0xf800,0xf800,0xf800,0xf800,0xf800,0xf800,0xf800,0xf800,0xf800,
0xf800,0xf800,0xf800,0xf800,0xf800,0xf800,0xf800,0xf800,0xf800,0xf800,
0xf800,0xf800,0xf800,0xf800,0xf800,0xf800,0xf800,0xf800,0xffff,0xffff,
0xffff,0xffff,0xffff,0xffff,0xffff,0xffff,0xffff,0xffff,0xffff,0xffff,
0xffff,0xffff,0xffff,0xffff,0xffff,0xffff,0xffff,0xffff,0xffff,0xffff,
0xffff,0xf800,0xf800,0xf800,0xf800,0xf800,0x055f,0x055f,0x055f,0x055f,
0x055f,0x055f,0x055f,0x055f,0x055f,0x055f,0x055f,0x055f,0x055f,0x055f,
0xf800,0xf800,0xf800,0xf800,0xf800,0xf800,0xf800,0xf800,0xf800,0xf800,
0xf800,0xf800,0xf800,0xf800,0xf800,0xf800,0xf800,0xf800,0xf800,0xf800,
0xf800,0xf800,0xf800,0xf800,0xf800,0x055f,0x055f,0x055f,0x055f,0x055f,
0x055f,0x055f,0x055f,0x055f,0x055f,0x055f,0x055f,0x055f,0x055f,0x055f,
0xf800,0xf800,0xf800,0xf800,0xf800,0xf800,0xf800,0xf800,0xf800,0xf800,
0xf800,0xf800,0xf800,0xf800,0xf800,0xf800,0xf800,0xf800,0xf800,0xf800,
0xf800,0xf800,0xf800,0xf800,0xf800,0xf800,0xf800,0xf800,0xf800,0xf800,
0xf800,0xf800,0xf800,0xf800,0xf800,0xf800,0xf800,0xf800,0xf800,0xf800,
0xf800,0xf800,0xf800,0xf800,0xf800,0xf800,0xf800,0xf800,0xffff,0xffff,
0xffff,0xffff,0xffff,0xffff,0xffff,0xffff,0xffff,0xffff,0xffff,0xffff,
0xffff,0xffff,0xffff,0xffff,0xffff,0xffff,0xffff,0xf800,0xf800,0xf800,
0xf800,0xf800,0xf800,0xf800,0x055f,0x055f,0x055f,0x055f,0x055f,0x055f,
0x055f,0x055f,0x055f,0x055f,0x055f,0x055f,0x055f,0x055f,0xf800,0xf800,
0xf800,0xf800,0xf800,0xf800,0xf800,0xf800,0xf800,0xf800,0xf800,0xf800,
0xf800,0xf800,0xf800,0xf800,0xf800,0xf800,0xf800,0xf800,0xf800,0xf800,
0xf800,0xf800,0xf800,0xf800,0x055f,0x055f,0x055f,0x055f,0x055f,0x055f,
0x055f,0x055f,0x055f,0x055f,0x055f,0x055f,0x055f,0xf800,0xf800,0xf800,
0xf800,0xf800,0xf800,0xf800,0xf800,0xf800,0xf800,0xf800,0xf800,0xf800,
0xf800,0xf800,0xf800,0xf800,0xf800,0xf800,0xf800,0xf800,0xf800,0xf800,
0xf800,0xf800,0xf800,0xf800,0xf800,0xf800,0xf800,0xf800,0xf800,0xf800,
0xf800,0xf800,0xf800,0xf800,0xf800,0xf800,0xf800,0xf800,0xf800,0xf800,
0xf800,0xf800,0xf800,0xf800,0xf800,0xf800,0xf800,0xf800,0xffff,0xffff,
0xffff,0xffff,0xffff,0xffff,0xffff,0xffff,0xffff,0xffff,0xffff,0xffff,
0xffff,0xffff,0xf800,0xf800,0xf800,0xf800,0xf800,0xf800,0xf800,0xf800,
0xf800,0xf800,0x055f,0x055f,0x055f,0x055f,0x055f,0x055f,0x055f,0x055f,
0x055f,0x055f,0x055f,0x055f,0x055f,0xf800,0xf800,0xf800,0xf800,0xf800,
0xf800,0xf800,0xf800,0xf800,0xf800,0xf800,0xf800,0xf800,0xf800,0xf800,
0xf800,0xf800,0xf800,0xf800,0xf800,0xf800,0xf800,0xf800,0xf800,0xf800,
0xf800,0xf800,0x055f,0x055f,0x055f,0x055f,0x055f,0x055f,0x055f,0x055f,
0x055f,0x055f,0x055f,0x055f,0x055f,0xf800,0xf800,0xf800,0xf800,0xf800,
0xf800,0xf800,0xf800,0xf800,0xf800,0xf800,0xf800,0xf800,0xf800,0xf800,
0xf800,0xf800,0xf800,0xf800,0xf800,0xf800,0xf800,0xf800,0xf800,0xf800,
0xf800,0xf800,0xf800,0xf800,0xf800,0xf800,0xf800,0xf800,0xf800,0xf800,
0xf800,0xf800,0xf800,0xf800,0xf800,0xf800,0xf800,0xf800,0xf800,0xf800,
0xf800,0xf800,0xf800,0xf800,0xf800,0xf800,0xf800,0xf800,0xf800,0xf800,
0xf800,0xffff,0xffff,0xffff,0xffff,0xffff,0xf800,0xf800,0xf800,0xf800,
0xf800,0xf800,0xf800,0xf800,0xf800,0xf800,0xf800,0xf800,0xf800,0xf800,
0xf800,0x055f,0x055f,0x055f,0x055f,0x055f,0x055f,0x055f,0x055f,0x055f,
0x055f,0x055f,0x055f,0xf800,0xf800,0xf800,0xf800,0xf800,0xf800,0xf800,
0xf800,0xf800,0xf800,0xf800,0xf800,0xf800,0xf800,0xf800,0xf800,0xf800,
0xf800,0xf800,0xf800,0xf800,0xf800,0xf800,0xf800,0xf800,0xf800,0xf800,
0xf800,0x055f,0x055f,0x055f,0x055f,0x055f,0x055f,0x055f,0x055f,0x055f,
0x055f,0x055f,0xf800,0xf800,0xf800,0xf800,0xf800,0xf800,0xf800,0xf800,
0xf800,0xf800,0xf800,0xf800,0xf800,0xf800,0xf800,0xf800,0xf800,0xf800,
0xf800,0xf800,0xf800,0xf800,0xf800,0xf800,0xf800,0xf800,0xf800,0xf800,
0xf800,0xf800,0xf800,0xf800,0xf800,0xf800,0xf800,0xf800,0xf800,0xf800,
0xf800,0xf800,0xf800,0xf800,0xf800,0xf800,0xf800,0xf800,0xf800,0xf800,
0xf800,0xf800,0xf800,0xf800,0xf800,0xf800,0xf800,0xf800,0xf800,0xf800,
0xf800,0xf800,0xf800,0xf800,0xf800,0xf800,0xf800,0xf800,0xf800,0xf800,
0xf800,0xf800,0xf800,0xf800,0xf800,0xf800,0xf800,0xf800,0xf800,0xf800,
0x055f,0x055f,0x055f,0x055f,0x055f,0x055f,0x055f,0x055f,0x055f,0x055f,
0xf800,0xf800,0xf800,0xf800,0xf800,0xf800,0xf800,0xf800,0xf800,0xf800,
0xf800,0xf800,0xf800,0xf800,0xf800,0xf800,0xf800,0xf800,0xf800,0xf800,
0xf800,0xf800,0xf800,0xf800,0xf800,0xf800,0xf800,0xf800,0xf800,0xf800,
0xf800,0x055f,0x055f,0x055f,0x055f,0x055f,0x055f,0x055f,0xf800,0xf800,
0xf800,0xf800,0xf800,0xf800,0xf800,0xf800,0xf800,0xf800,0xf800,0xf800,
0xf800,0xf800,0xf800,0xf800,0xf800,0xf800,0xf800,0xf800,0xf800,0xf800,
0xf800,0xf800,0xf800,0xf800,0xf800,0xf800,0xf800,0xf800,0xf800,0xf800,
0xf800,0xf800,0xf800,0xf800,0xf800,0xf800,0xf800,0xf800,0xf800,0xf800,
0xf800,0xf800,0xf800,0xf800,0xf800,0xf800,0xf800,0xf800,0xf800,0xf800,
0xf800,0xf800,0xf800,0xf800,0xf800,0xf800,0xf800,0xf800,0xf800,0xf800,
0xf800,0xf800,0xf800,0xf800,0xf800,0xf800,0xf800,0xf800,0xf800,0xf800,
0xf800,0xf800,0xf800,0xf800,0xf800,0xf800,0xf800,0xf800,0xf800,0x055f,
0x055f,0x055f,0x055f,0x055f,0x055f,0x055f,0xf800,0xf800,0xf800,0xf800,
0xf800,0xf800,0xf800,0xf800,0xf800,0xf800,0xf800,0xf800,0xf800,0xf800,
0xf800,0xf800,0xf800,0xf800,0xf800,0xf800,0xf800,0xf800,0xf800,0xf800,
0xf800,0xf800,0xf800,0xf800,0xf800,0xf800,0xf800,0xf800,0xf800,0xf800,
0xf800,0xf800,0xf800,0xf800,0xf800,0xf800,0xf800,0xf800,0xf800,0xf800,
0xf800,0xf800,0xf800,0xf800,0xf800,0xf800,0xf800,0xf800,0xf800,0xf800,
0xf800,0xf800,0xf800,0xf800,0xf800,0xf800,0xf800,0xf800,0xf800,0xf800,
0xf800,0xf800,0xf800,0xf800,0xf800,0xf800,0xf800,0xf800,0xf800,0xf800,
0xf800,0xf800,0xf800,0xf800,0xf800,0xf800,0xf800,0xf800,0xf800,0xf800,
0xf800,0xf800,0xf800,0xf800,0xf800,0xf800,0xf800,0xf800,0xf800,0xf800,
0xf800,0xf800,0xf800,0xf800,0xf800,0xf800,0xf800,0xf800,0xf800,0xf800,
0xf800,0xf800,0xf800,0xf800,0xf800,0xf800,0xf800,0xf800,0xf800,0xf800,
0xf800,0xf800,0xf800,0xf800,0xf800,0xf800,0xf800,0xf800,0xf800,0xf800,
0xf800,0xf800,0xf800,0xf800,0xf800,0xf800,0xf800,0xf800,0xf800,0xf800,
0xf800,0xf800,0xf800,0xf800,0xf800,0xf800,0xf800,0xf800,0xf800,0xf800,
0xf800,0xf800,0xf800,0xf800,0xf800,0xf800,0xf800,0xf800,0xf800,0xf800,
0xf800,0xf800,0xf800,0xf800,0xf800,0xf800,0xf800,0xf800,0xf800,0xf800,
0xf800,0xf800,0xf800,0xf800,0xf800,0xf800,0xf800,0xf800,0xf800,0xf800,
0xf800,0xf800,0xf800,0xf800,0xf800,0xf800,0xf800,0xf800,0xf800,0xf800,
0xf800,0xf800,0xf800,0xf800,0xf800,0xf800,0xf800,0xf800,0xf800,0xf800,
0xf800,0xf800,0xf800,0xf800,0xf800,0xf800,0xf800,0xf800,0xf800,0xf800,
0xf800,0xf800,0xf800,0xf800,0xf800,0xf800,0xf800,0xf800,0xf800,0xf800,
0xf800,0xf800,0xf800,0xf800,0xf800,0xf800,0xf800,0xf800,0xf800,0xf800,
0xf800,0xf800,0xf800,0xf800,0xf800,0xf800,0xf800,0xf800,0xf800,0xf800,
0xf800,0xf800,0xf800,0xf800,0xf800,0xf800,0xf800,0xf800,0xf800,0xf800,
0xf800,0xf800,0xf800,0xf800,0xf800,0xf800,0xf800,0xf800,0xf800,0xf800,
0xf800,0xf800,0xf800,0xf800,0xf800,0xf800,0xf800,0xf800,0xf800,0xf800,
0xf800,0xf800,0xf800,0xf800,0xf800,0xf800,0xf800,0xf800,0xf800,0xf800,
0xf800,0xf800,0xf800,0xf800,0xf800,0xf800,0xf800,0xf800,0xf800,0xf800,
0xf800,0xf800,0xf800,0xf800,0xf800,0xf800,0xf800,0xf800,0xf800,0xf800,
0xf800,0xf800,0xf800,0xf800,0xf800,0xf800,0xf800,0xf800,0xf800,0xf800,
0xf800,0xf800,0xf800,0xf800,0xf800,0xf800,0xf800,0xf800,0xf800,0xf800,
0xf800,0xf800,0xf800,0xf800,0xf800,0xf800,0xf800,0xf800,0xf800,0xf800,
0xf800,0xf800,0xf800,0xf800,0xf800,0xf800,0xf800,0xf800,0xf800,0xf800,
0xf800,0xf800,0xf800,0xf800,0xf800,0xf800,0xf800,0xf800,0xf800,0xf800,
0xf800,0xf800,0xf800,0xf800,0xf800,0xf800,0xf800,0xf800,0xf800,0xf800,
0xf800,0xf800,0xf800,0xf800,0xf800,0xf800,0xf800,0xf800,0xf800,0xf800,
0xf800,0xf800,0xf800,0xf800,0xf800,0xf800,0xf800,0xf800,0xf800,0xf800,
0xf800,0xf800,0xf800,0xf800,0xf800,0xf800,0xf800,0xf800,0xf800,0xf800,
0xf800,0xf800,0xf800,0xf800,0xf800,0xf800,0xf800,0xf800,0xf800,0xf800,
0xf800,0xf800,0xf800,0xf800,0xf800,0xf800,0xf800,0xf800,0xf800,0xf800,
0xf800,0xf800,0xf800,0xf800,0xf800,0xf800,0xf800,0xf800,0xf800,0xf800,
0xf800,0xf800,0xf800,0xf800,0xf800,0xf800,0xf800,0xf800,0xf800,0xf800,
0xf800,0xf800,0xf800,0xf800,0xf800,0xf800,0xf800,0xf800,0xf800,0xf800,
0xf800,0xf800,0xf800,0xf800,0xf800,0xf800,0xf800,0xf800,0xf800,0xf800,
0xf800,0xf800,0xf800,0xf800,0xf800,0xf800,0xf800,0xf800,0xf800,0xf800,
0xf800,0xf800,0xf800,0xf800,0xf800,0xf800,0xf800,0xf800,0xf800,0xf800,
0xf800,0xf800,0xf800,0xf800,0xf800,0xf800,0xf800,0xf800,0xf800,0xf800,
0xf800,0xf800,0xf800,0xf800,0xf800,0xf800,0xf800,0xf800,0xf800,0xf800,
0xf800,0xf800,0xf800,0xf800,0xf800,0xf800,0xf800,0xf800,0xf800,0xf800,
0xf800,0xf800,0xf800,0xf800,0xf800,0xf800,0xf800,0xf800,0xf800,0xf800,
0xf800,0xf800,0xf800,0xf800,0xf800,0xf800,0xf800,0xf800,0xf800,0xf800,
0xf800,0xf800,0xf800,0xf800};*/
